DATE,HIGH,LOW,CLOSE,NO. OF SHARES,NO. OF TRADES
18-11-2021,506.05,492.45,503.95,912338,14434
17-11-2021,505.25,490.95,498.15,802235,14533
16-11-2021,507,493.45,495,1132667,37916
15-11-2021,515.9,505.6,506.7,619564,10735
12-11-2021,513.9,502.95,511.25,799018,12931
11-11-2021,523.3,507.15,509.55,838804,16557
10-11-2021,528.35,521.6,524.4,756785,16761
09-11-2021,532.1,522.4,529.2,787051,12873
08-11-2021,534.95,516.65,523.15,1315335,23252
04-11-2021,536,528,530.45,425977,12139
03-11-2021,542.2,515.4,527.65,3590971,42444
02-11-2021,524.8,512,521.7,1005299,16079
01-11-2021,516.65,501.1,515.55,1068948,17967
29-10-2021,512.65,488.4,502.4,1568911,29026
28-10-2021,520.7,498,501.4,919093,13314
27-10-2021,526.7,512.15,519.15,1415276,24184
26-10-2021,518.25,507.3,512.6,830550,12883
25-10-2021,515.55,498,506.35,1961517,20281
22-10-2021,508.7,500.05,502.95,1187527,20144
21-10-2021,506.8,492,503.05,1267598,21922
20-10-2021,507.35,483.05,499.95,3688585,35751
19-10-2021,504.1,483.3,488.45,770638,13504
18-10-2021,500.85,491.7,497.85,758057,12040
14-10-2021,493.95,482,490.5,891894,12961
13-10-2021,486.9,478,481.6,1086483,22187
12-10-2021,484.45,468.15,483.1,1384526,17953
11-10-2021,475,458.75,469.2,2624845,13257
08-10-2021,464,454.3,457.7,621573,11063
07-10-2021,463.8,457.15,457.75,361785,6274
06-10-2021,471,453.8,457.15,1550391,14585
05-10-2021,469,458.6,464.65,575441,9412
04-10-2021,464.2,452.4,463.05,1260459,21012
01-10-2021,455.5,444,451.75,782190,12574
30-09-2021,464.8,451.55,453.05,1699540,23722
29-09-2021,462.15,439.05,460.1,2230717,28261
28-09-2021,455.7,439.85,445.1,1161343,13632
27-09-2021,450.35,442.45,446.2,976555,17364
24-09-2021,451.9,440.05,440.8,828337,16098
23-09-2021,451,442,449.8,2981829,21786
22-09-2021,442.75,436.25,439,1009951,12883
21-09-2021,441.45,432.7,438.95,829404,11119
20-09-2021,453.45,435.5,437.3,7500730,14437
17-09-2021,471.85,450.5,454.05,1741238,20865
16-09-2021,465.9,442.8,463.65,1619636,24936
15-09-2021,445,431.55,443.85,1880332,33845
14-09-2021,436.8,432.25,433.05,336968,5062
13-09-2021,433.8,428.85,432.75,336299,5130
09-09-2021,433.65,429.9,432.2,603452,14261
08-09-2021,435.3,427.95,431.45,660761,8325
07-09-2021,432,425.2,428.95,471095,7219
06-09-2021,433.75,430.15,431.05,379495,6292
03-09-2021,434.2,428.3,431.4,570467,7205
02-09-2021,433.4,427.7,429.65,538671,7026
01-09-2021,432.5,425.4,429.7,779955,9810
31-08-2021,427,418.7,426,667701,8387
30-08-2021,423.3,413.75,422.7,674347,8309
27-08-2021,414.5,407.5,412.35,784995,14081
26-08-2021,415.8,410,410.8,597448,8045
25-08-2021,421.25,414.5,416.2,718145,8945
24-08-2021,418.8,408.3,417.55,610174,9931
23-08-2021,412.9,401.3,409.3,1304589,25371
20-08-2021,417.3,405.25,406.95,1549721,39992
18-08-2021,424.3,418,419.85,582401,9649
17-08-2021,425.9,415.3,421.35,937046,13755
16-08-2021,433.9,424,424.85,924073,18331
13-08-2021,432.15,424.85,431.35,1071640,12318
12-08-2021,430.4,424.9,427.1,728877,9462
11-08-2021,432.95,423.15,428,1256503,16694
10-08-2021,436.4,421.7,426.4,1015030,16229
09-08-2021,441.8,431,433.4,874686,12949
06-08-2021,447,434,435.65,1140087,18728
05-08-2021,462.6,438.5,441.85,3082205,48598
04-08-2021,467.3,441.5,457.05,5851611,62830
03-08-2021,447.8,433.75,446.45,2095353,24745
02-08-2021,436.6,431.85,434.85,1172231,16737
30-07-2021,444.35,430.75,431.7,2202999,28745
29-07-2021,443.75,425.5,441.75,2141040,26544
28-07-2021,430.5,421,425.45,647349,9528
27-07-2021,433.15,424.05,429.45,1375764,16752
26-07-2021,428.75,422.5,423.3,671109,14575
23-07-2021,430,419.5,429.15,753824,14565
22-07-2021,426.7,420.9,422,441258,7177
20-07-2021,426.85,419,420.8,814158,10023
19-07-2021,429.35,420.25,427.7,1781263,16778
16-07-2021,432.3,427.75,430.2,504644,10574
15-07-2021,432.9,429.8,431.65,464402,8302
14-07-2021,432.2,426.5,430.95,895065,18223
13-07-2021,431.6,428.3,429.15,961510,18490
12-07-2021,430.3,424.7,427.5,1385756,11601
09-07-2021,427.45,421.15,423.6,640939,10303
08-07-2021,435.4,422.1,424.4,887493,12587
07-07-2021,433.9,427.55,432.55,681203,9605
06-07-2021,436.5,428.15,429.65,2258713,35667
05-07-2021,434.4,424.4,432.7,1721996,28373
02-07-2021,425.4,419.15,424.55,735480,11818
01-07-2021,423.5,417.25,420.4,1155524,18402
30-06-2021,425,418.4,419.25,1150665,11283
29-06-2021,429,420.75,421.5,2536574,14029
28-06-2021,433,424.55,426.65,1228981,15389
25-06-2021,430.95,418.85,428.75,1349402,16733
24-06-2021,422.7,416.4,417.1,1165768,18706
23-06-2021,424.75,415,418.9,1885815,24954
22-06-2021,426.3,417.4,418.75,957968,13718
21-06-2021,421,400.3,419.55,1650018,22023
18-06-2021,424.3,402.65,412.8,2301956,36169
17-06-2021,425.9,416.7,420.2,1133990,13616
16-06-2021,432.65,425,425.95,821648,15582
15-06-2021,432.85,428.35,429.5,711897,10955
14-06-2021,432.4,416.8,430.35,1310929,22746
11-06-2021,435.5,425.25,429.55,1273286,18655
10-06-2021,433.3,422.5,432.25,1082322,13985
09-06-2021,432.3,418.15,421.45,1375395,19896
08-06-2021,432.5,423.8,427.15,1995333,37091
07-06-2021,437.35,430.55,432.4,996934,13774
04-06-2021,441.85,431.7,433.6,1618456,21526
03-06-2021,442,433.5,439.65,1776953,20254
02-06-2021,437.9,429,437.2,2580545,45217
01-06-2021,435.2,425.35,432.6,3328821,32409
31-05-2021,426,418,424.25,1965311,22664
28-05-2021,433.6,420,422.05,4506252,55809
27-05-2021,428.95,412,425.3,3154678,31049
26-05-2021,418.7,410.85,413.55,2942741,24719
25-05-2021,415.8,408.45,412.25,2794577,27174
24-05-2021,418.9,405.3,412.05,6879567,72462
21-05-2021,404.4,378.1,401.1,9416849,78920
20-05-2021,388,382,384.55,1887433,18773
19-05-2021,389.5,381,384.25,4267872,40801
18-05-2021,392.5,380,382.35,5210220,58259
17-05-2021,385.5,363.85,383.4,8745463,92614
14-05-2021,372.6,359.6,360.5,3228608,38185
12-05-2021,373.4,362,367.85,3505968,23518
11-05-2021,366.25,354.65,364.45,3107271,29960
10-05-2021,367,359,361.8,2555563,18670
07-05-2021,362.15,353.05,358.2,1531067,14369
06-05-2021,359.4,350.5,355.5,2161771,18049
05-05-2021,357.6,348,355.35,2923596,25814
04-05-2021,362.75,350.2,351.6,2939675,24266
03-05-2021,352.35,341.7,350.45,2636599,21695
30-04-2021,362.45,350.55,353.45,3335513,25416
29-04-2021,369.9,355.45,359.25,4703255,30990
28-04-2021,364.2,355.45,363.3,3348589,30218
27-04-2021,354.8,342.95,352.9,3737338,36046
26-04-2021,347.2,338.15,344.35,3355835,26397
23-04-2021,339.95,331.5,336.45,2056875,17231
22-04-2021,337.35,323.8,336.6,3308502,32719
20-04-2021,339.8,326.55,329.6,2784525,29634
19-04-2021,332.15,321.15,331.25,2375620,23524
16-04-2021,345.45,338.7,339.9,2949986,20533
15-04-2021,347.6,335.85,342.4,3576685,24293
13-04-2021,342.25,330.65,340.95,2107512,18665
12-04-2021,344.65,322.55,328.8,5872031,86462
09-04-2021,364.5,351.1,353.05,2032207,19686
08-04-2021,363.45,354.35,355.6,2298645,14634
07-04-2021,363.2,347.9,358.45,2318862,22213
06-04-2021,357,349.3,350.55,2255552,31224
05-04-2021,368.95,349.1,353.65,3261535,30039
01-04-2021,371.8,363,370.55,1939410,23294
31-03-2021,367.9,358.2,364.35,2608055,28937
30-03-2021,364.2,356.35,361.1,1544258,13785
26-03-2021,362,354.7,357.1,1648561,14578
25-03-2021,360.8,345,355.15,4039244,59566
24-03-2021,369.2,358.6,359.9,1662784,18675
23-03-2021,377.7,367.1,372.5,3425811,32543
22-03-2021,372.7,363.5,367.05,1197955,14147
19-03-2021,372.8,357.35,371.1,2274732,21012
18-03-2021,375,361.1,366.6,1568523,15623
17-03-2021,379.6,366,368.05,1301487,16961
16-03-2021,387.5,376.15,378.45,1798655,16945
15-03-2021,385.9,369.3,383.7,3143476,52568
12-03-2021,393.15,377.5,381.2,2095957,32571
10-03-2021,392.8,385.7,387.5,1707269,12360
09-03-2021,394.8,382.35,387.5,1339692,12895
08-03-2021,393.4,386.4,389.55,2954060,34209
05-03-2021,395,378.2,383.8,4755324,83078
04-03-2021,403.45,394.6,395.8,2821990,18423
03-03-2021,408.9,395.6,405.05,3181847,29211
02-03-2021,399.5,390.6,393.95,2814051,32776
01-03-2021,397.7,391,395,2734816,32467
26-02-2021,401.05,387,390.2,3380726,39240
25-02-2021,414.9,406.6,407.25,3106526,21184
24-02-2021,415,395.2,406.15,8877865,81615
23-02-2021,399.65,389,395.65,2983180,32673
22-02-2021,401,385.6,389.55,2153806,24459
19-02-2021,415.2,395,399.35,2522526,26862
18-02-2021,426.45,413.7,415,4282027,41536
17-02-2021,414.85,400.15,411.9,3702956,28604
16-02-2021,415.8,400.35,402.3,4688838,47087
15-02-2021,409.4,395.65,407.05,5056823,55091
12-02-2021,399.35,385.6,393.2,2893519,23901
11-02-2021,396.9,388.25,390.15,1639684,15611
10-02-2021,397.75,388,392.05,2172808,20346
09-02-2021,403.45,389.1,394.7,2962547,28771
08-02-2021,407.75,394.65,396.85,4342929,38014
05-02-2021,408.35,385.2,393.05,10611010,97876
04-02-2021,358,331.3,355.1,6525979,50154
03-02-2021,339.8,325.65,335.85,4339530,59405
02-02-2021,337.4,314.7,333.2,7705951,92112
01-02-2021,315,282.75,311.1,4188552,39298
29-01-2021,290.5,279.05,282.05,2649885,25163
28-01-2021,283.35,269.55,282.4,3304951,17145
27-01-2021,284.75,272.75,275.6,1657278,16620
25-01-2021,288.1,277,280.9,2211836,30153
22-01-2021,298,282.4,283.75,3012844,40135
21-01-2021,305.25,291.7,294.95,1631609,12003
20-01-2021,304.6,296.9,302.55,1218399,10205
19-01-2021,302.5,296.35,298.6,1824652,12629
18-01-2021,308.65,292.2,294.1,1927984,17737
15-01-2021,310.8,301.5,303.8,1961492,12848
14-01-2021,309.25,303.8,307.2,2019376,11787
13-01-2021,308.05,294.6,306.7,5580280,51724
12-01-2021,293.75,278.05,292.65,1746594,11379
11-01-2021,287.7,279.55,282.35,4073742,13827
08-01-2021,291.45,285.1,286,3926496,17841
07-01-2021,291.8,287,287.75,2099771,10666
06-01-2021,289.05,281.4,284.9,1726384,11898
05-01-2021,282.4,277.1,281.75,1142427,7451
04-01-2021,283.85,277.95,281.05,1372085,9153
01-01-2021,280,274.6,279.35,1108133,7467
31-12-2020,277.25,272.55,274.75,1025892,8458
30-12-2020,278.5,272.6,276.85,1535034,9050
29-12-2020,279.75,274.7,277.9,2116003,11859
28-12-2020,275.85,268.25,275.15,1468835,11438
24-12-2020,268.8,264.6,266.75,2008059,17383
23-12-2020,263.85,255.5,263.05,1610796,16941
22-12-2020,258.55,248.15,257.55,1799859,14449
21-12-2020,269,251.1,254.6,2450581,17513
18-12-2020,271.9,264.9,271.4,1044431,7898
17-12-2020,272.1,266.8,267.6,5563140,16179
16-12-2020,273.55,268.55,269.45,1152799,7469
15-12-2020,274.25,268.3,270.6,1833421,17749
14-12-2020,276.3,272.45,274.25,1377776,9361
11-12-2020,276.15,270,272.45,3745846,23424
10-12-2020,270.8,265.55,269.6,1757355,10464
09-12-2020,274.85,269.25,270.35,3102170,21633
08-12-2020,273.65,265.2,271.95,4336216,30597
07-12-2020,271.35,263.1,269.7,3212445,19754
04-12-2020,264.2,253.75,263.45,4913756,37895
03-12-2020,259,248.05,256.35,4348434,22548
02-12-2020,250.8,244.1,246.8,3139106,17016
01-12-2020,248.9,244.25,248.05,2940787,24243
27-11-2020,246,242,244.3,2470768,14346
26-11-2020,246.1,240.3,245.45,2935543,21663
25-11-2020,249.8,241.65,243.15,3557909,20561
24-11-2020,245,239.45,243.85,2958818,14433
23-11-2020,246.1,238.05,238.7,3705630,28185
20-11-2020,245.4,234,242.8,3775748,28878
19-11-2020,251.75,239,239.75,5483543,46550
18-11-2020,252.9,238.05,252.05,4947827,32814
17-11-2020,241.5,231.1,240.2,5570949,42327
14-11-2020,232.95,227.7,229.65,628809,13334
13-11-2020,230.65,220.15,229.55,3386679,18056
12-11-2020,233.2,225.75,226.8,2048545,16692
11-11-2020,239.3,227.85,234.2,4531715,31183
10-11-2020,234.95,222.35,231.7,5550816,37331
09-11-2020,222.75,217.05,219.5,2275379,14814
06-11-2020,221.8,217.05,219.05,5730486,38868
05-11-2020,220.95,214.5,218.7,12147694,89752
04-11-2020,209,198.1,207.05,5225212,32956
03-11-2020,205.75,197.75,204.75,2779730,20246
02-11-2020,197.2,190.05,196,1847654,12609
30-10-2020,191.9,186.25,189.25,2520183,21307
29-10-2020,190.75,186,188.8,2430067,26215
28-10-2020,195.3,189.05,190.5,2671270,14518
27-10-2020,197.5,192.35,194.6,2166319,18325
26-10-2020,204.05,195.7,196.75,1682983,10310
23-10-2020,205.65,201.55,202.75,1175440,7982
22-10-2020,204.55,201.05,203.3,2021750,13503
21-10-2020,207.35,198.95,203.85,2970758,12866
20-10-2020,204.4,200,203,2855726,20404
19-10-2020,204.7,196.45,204.05,2156419,14436
16-10-2020,196.65,191.7,195.8,1654948,9975
15-10-2020,202.5,192,192.85,3663733,12619
14-10-2020,200.9,193.05,200.05,1386548,8972
13-10-2020,200,194.5,195.65,1874087,9130
12-10-2020,205.85,197.25,198.65,2627770,18547
09-10-2020,198.7,190.6,198.25,2362957,15097
08-10-2020,195.7,190.6,191.5,1779378,9790
07-10-2020,193,189.1,190.65,1314395,7458
06-10-2020,192.1,188.3,191.6,1158964,6908
05-10-2020,193.7,187.1,188.75,2818550,22809
01-10-2020,191.1,187,190.35,1732791,10196
30-09-2020,186.8,182.4,185.4,1481029,8269
29-09-2020,188.95,183.3,185,2247673,19020
28-09-2020,188,183.6,187.3,1418789,10978
25-09-2020,182.75,176.25,182.2,3469104,30787
24-09-2020,181.45,175.55,176.45,1696978,15963
23-09-2020,188.8,181,183.8,1726374,12931
22-09-2020,188.25,181.2,186.15,2279091,17695
21-09-2020,193.5,184.3,185.8,4120225,53052
18-09-2020,197.15,189.95,192.6,3399860,39948
17-09-2020,198,195.05,195.5,2136423,25485
16-09-2020,200,196.3,198.25,1817103,11253
15-09-2020,201,197.15,200.15,2770830,22129
14-09-2020,206.2,197.5,198.55,2207845,16228
11-09-2020,203.8,197,202.7,2162995,15857
10-09-2020,201.4,195.25,198.15,4073948,38659
09-09-2020,202,192.7,194.9,2666924,23305
08-09-2020,209.45,203,204,1253472,9825
07-09-2020,209.55,205.4,207.9,2538706,23270
04-09-2020,212.3,205.85,206.65,3073929,31609
03-09-2020,218.15,212.4,213.15,1237258,8844
02-09-2020,219,212.4,216.2,1596995,11348
01-09-2020,218.9,211.6,218.1,4764399,36219
31-08-2020,232,210.35,212.15,5392489,33150
28-08-2020,225.9,216.5,224.85,6095877,52844
27-08-2020,216.6,210.1,215.75,3681137,22097
26-08-2020,210.35,206.05,209.85,4326815,35302
25-08-2020,208.5,203,208,5038003,29366
24-08-2020,202.75,198.7,201.4,2098220,14701
21-08-2020,201.5,197.5,198.35,2789851,16039
20-08-2020,196.3,193,194.7,2750996,20906
19-08-2020,200.2,196,197.1,2314996,15014
18-08-2020,195.75,191.8,195.1,1997011,12138
17-08-2020,198.7,191.5,193.05,2340139,16608
14-08-2020,204,194.65,196.45,3385513,17995
13-08-2020,207.4,200.75,201.85,4484502,35270
12-08-2020,204.25,194.6,203.35,10970788,78217
11-08-2020,196.8,193.6,195.1,2072849,9798
10-08-2020,195.4,191.55,193.8,2556045,11523
07-08-2020,192.05,189.6,190.65,1790261,12243
06-08-2020,194.4,190.35,190.95,3957035,26925
05-08-2020,196.85,191.05,191.5,5823357,38357
04-08-2020,193.85,190.5,191.65,1938112,10011
03-08-2020,194.5,190.15,192.1,3185200,17655
31-07-2020,194.9,186.85,191.45,6250526,33874
30-07-2020,193.5,186.05,186.55,2121883,13678
29-07-2020,195.2,187.05,191.2,3007739,16886
28-07-2020,190.5,185.8,189.45,2024779,12399
27-07-2020,193.35,186.6,187.15,2330295,15438
24-07-2020,196.35,190.7,191.9,3518718,29159
23-07-2020,199,191.25,198.3,3132180,19074
22-07-2020,196.6,190.05,192,3019292,16501
21-07-2020,196.2,191.55,194.35,2873043,17641
20-07-2020,193.1,188.7,190.65,3615996,29832
17-07-2020,189.5,185,188.3,2276811,13671
16-07-2020,186.9,181.6,186.2,3327072,25329
15-07-2020,190,183,183.85,4007831,30205
14-07-2020,192.5,184.65,186.1,2646160,17863
13-07-2020,199.75,191.65,192.6,4530405,30791
10-07-2020,202.5,195,195.65,5146539,30470
09-07-2020,200.9,192.5,199.1,6589966,50687
08-07-2020,197.4,188.55,191.95,7067524,38317
07-07-2020,189.1,184.05,188.55,2944832,14512
06-07-2020,189.75,185.6,188.05,4818914,33013
03-07-2020,187.05,183.45,184.75,1998082,10290
02-07-2020,188,184.05,185.45,2055364,12946
01-07-2020,185.4,178.85,184.8,2367244,15008
30-06-2020,182.8,177.25,178.4,3009986,24362
29-06-2020,183.6,178.55,179.3,2342711,16438
26-06-2020,188.6,183.75,184.6,4110491,26555
25-06-2020,186.8,180.4,185.25,3286552,18791
24-06-2020,194.8,183.95,184.6,3879718,25143
23-06-2020,193,187.75,192.45,7069133,46904
22-06-2020,191.7,184.6,187.75,5823394,24503
19-06-2020,184.85,179.5,184.45,7052642,49027
18-06-2020,180.5,171.2,179.7,6702036,40760
17-06-2020,176.2,169.25,173,3732953,20628
16-06-2020,178.8,169.5,172.85,5370198,39997
15-06-2020,178,172,174.05,3319363,28580
12-06-2020,180.1,170,179.25,5468766,30804
11-06-2020,190.35,176.4,177.2,4351401,30562
10-06-2020,189,183.9,187.8,3028053,19160
09-06-2020,190.95,183.5,184.45,4684935,27722
08-06-2020,197.7,185.8,186.8,7040658,43649
05-06-2020,189.8,176,187.8,10714152,58593
04-06-2020,177.6,171.55,174.05,3766966,21831
03-06-2020,179.9,172.05,174.85,5534474,30868
02-06-2020,171.25,167.25,170.25,4434379,22093
01-06-2020,171.25,163.45,170.05,5423451,29846
29-05-2020,161.85,155.4,160.3,8809780,18344
28-05-2020,162.45,156.8,158.3,4928633,25984
27-05-2020,160.8,150.75,158.6,3610636,24281
26-05-2020,153.3,150.3,151.4,3441167,23964
22-05-2020,155.6,149.55,150.85,5609931,41435
21-05-2020,156.2,151.6,151.95,2922038,29512
20-05-2020,155.15,151.2,153.45,3367090,24181
19-05-2020,157.9,152.5,152.85,3782111,32453
18-05-2020,166.8,155,155.4,3753668,42887
15-05-2020,168.7,164.75,166.4,1795879,13588
14-05-2020,171.8,167.55,167.95,2594684,17529
13-05-2020,178.9,170.5,174.1,3865421,23808
12-05-2020,168.45,160.9,166.7,3795172,30300
11-05-2020,169,165,165.45,2884960,24640
08-05-2020,173.6,166.15,166.7,3593054,27889
07-05-2020,172.7,167.2,170.7,1969788,16858
06-05-2020,173.35,166.55,171.05,4496935,30268
05-05-2020,181.8,168.85,170.5,4880237,45930
04-05-2020,184.7,178,178.8,3893150,35295
30-04-2020,195.75,189.8,190.4,2845074,21948
29-04-2020,191.7,183.8,190,2679334,18938
28-04-2020,185.2,181.3,184.3,2078231,12586
27-04-2020,183.5,180.5,180.85,1826256,12763
24-04-2020,184.5,179,179.7,4049624,27337
23-04-2020,189.9,185.25,186.8,3408851,15484
22-04-2020,189.5,181.4,188.6,3433220,22639
21-04-2020,188.95,183,184.9,2858972,21167
20-04-2020,197.3,190.1,192.55,3386549,25646
17-04-2020,198,186.4,193.3,4596208,32314
16-04-2020,189.8,180.3,188.6,2923051,23709
15-04-2020,191.9,180.25,182.3,3427072,25636
13-04-2020,188.85,183.1,183.55,2181525,19192
09-04-2020,190,183.75,187.7,2979988,20978
08-04-2020,194.5,180.8,182.9,3804368,30936
07-04-2020,187.2,177.65,186.35,3608366,29253
03-04-2020,188,175,175.55,3410477,36340
01-04-2020,195.5,185.3,186.6,2480900,25140
31-03-2020,198.5,188.1,196.95,2918556,23686
30-03-2020,195,185.5,186.95,2419781,29335
27-03-2020,211.65,195,196.05,6482084,56387
26-03-2020,201,185.2,192.85,6049159,44469
25-03-2020,195.2,176.4,189.95,3639108,36064
24-03-2020,192.5,173.6,183.35,4545274,37182
23-03-2020,200,180.35,181.6,3925056,53488
20-03-2020,215.6,200.1,209.65,3928083,39954
19-03-2020,219.45,198.2,203.85,6592083,51923
18-03-2020,223.8,200.1,214.65,5171714,40031
17-03-2020,229.8,212.25,214.9,3410327,29016
16-03-2020,231.35,220.65,223.25,3538109,35248
13-03-2020,248.95,184.25,242.25,7737989,65054
12-03-2020,232.7,208.8,212.75,4797165,45300
11-03-2020,258.45,243.1,245.2,4067938,36167
09-03-2020,262.55,251.2,253.7,3099067,34569
06-03-2020,274.35,257.35,270.45,3269295,31820
05-03-2020,298.25,270.1,288.3,5616795,44037
04-03-2020,293,275.05,285.3,2709893,25422
03-03-2020,294.3,285.3,289.85,2193574,22505
02-03-2020,311.95,284.05,287.45,3256537,30658
28-02-2020,314.7,301.2,302.9,2380015,25773
27-02-2020,330,318.05,321.95,1439722,15837
26-02-2020,330.7,324.35,328.25,1431670,14348
25-02-2020,328,322.2,326.6,1294432,15108
24-02-2020,331.2,321.95,322.9,1582310,18064
20-02-2020,329,318.95,327.65,1449011,15457
19-02-2020,323.95,317.3,320.25,1272350,14287
18-02-2020,319,309.5,317.6,1471316,14629
17-02-2020,321.4,311.65,314.2,1315256,13496
14-02-2020,331.9,318.5,319.55,1744424,17566
13-02-2020,330.85,321.6,327.45,1971534,17086
12-02-2020,330,319.25,320,1330547,12304
11-02-2020,325.7,320.9,324.35,884500,9842
10-02-2020,322.8,316.75,318.5,863942,10318
07-02-2020,325,318.3,320.5,1414872,12157
06-02-2020,323.6,310.25,322,2423666,20842
05-02-2020,313.5,304.8,310.95,1183560,11639
04-02-2020,307.35,297.2,306.25,1867236,18787
03-02-2020,306.7,295.5,298,1857988,20959
01-02-2020,322.65,296.5,303.15,2782488,32711
31-01-2020,321.6,308.7,318.55,3580409,32206
30-01-2020,317.8,305.7,310.7,1328763,17468
29-01-2020,319.7,315.7,316.4,738045,7760
28-01-2020,320.05,311.1,314.85,937023,9948
27-01-2020,321.9,315.75,316.2,838880,9158
24-01-2020,327.3,321.25,324.05,782798,9308
23-01-2020,324.75,314.2,323.25,1434352,13089
22-01-2020,317.4,313.7,316.1,851872,8767
21-01-2020,316.8,312.1,313.65,2880532,11973
20-01-2020,321.45,313.45,313.95,977739,12264
17-01-2020,323.5,310.65,318,1713459,17774
16-01-2020,326.8,322.35,323.25,893525,11071
15-01-2020,329.65,322.4,324.2,918098,11855
14-01-2020,331.75,326.5,327.9,742279,9566
13-01-2020,335.25,328.85,330.6,948922,12818
10-01-2020,337.75,328.25,332.25,1463797,17365
09-01-2020,331.3,325,330.25,1392636,15280
08-01-2020,321.4,311,319.85,1603305,16221
07-01-2020,327,315.55,318.25,1798194,21754
06-01-2020,332,317.9,318.95,1422311,20595
03-01-2020,338,332.1,333.75,761014,9260
02-01-2020,339.85,333.4,339.3,882070,8735
01-01-2020,335.85,332.25,334.35,616224,7187
31-12-2019,336.3,332.6,333.7,744106,8996
30-12-2019,337.9,332.45,334.25,860732,9693
27-12-2019,338.3,333.05,337.25,1249101,15495
26-12-2019,333.2,328.05,329.85,660165,9691
24-12-2019,334.2,329.25,331.3,750326,8877
23-12-2019,338.7,330.4,332.35,965584,12413
20-12-2019,339.55,328,337.85,1665792,24570
19-12-2019,329.55,324.65,328.15,920858,12070
18-12-2019,335.5,325.9,326.9,1025655,12739
17-12-2019,335.65,330.75,332.85,1000883,15919
16-12-2019,337.3,330.9,331.8,1506398,19129
13-12-2019,333.55,324.85,332.7,1901460,20117
12-12-2019,322.8,313.8,321.8,1340601,16062
11-12-2019,315.6,308.1,312.7,2236411,21145
10-12-2019,322.5,312.3,313.45,2023582,24230
09-12-2019,327.5,314.8,316.75,2600500,25641
06-12-2019,338.5,318,319.8,1895826,27312
04-12-2019,342.95,331.9,341.9,1135521,15338
03-12-2019,342.75,333.5,336.2,1004987,11460
02-12-2019,344.05,336.2,338.55,957734,9036
29-11-2019,348.8,340.7,341.85,1626267,10647
28-11-2019,351,344.5,348.95,1856999,18189
27-11-2019,345.45,334,343.6,1403398,13552
26-11-2019,340,332.55,335.45,1207480,12101
25-11-2019,337,328.5,336.1,1065570,11814
22-11-2019,333.7,328.45,329.15,1002554,8636
21-11-2019,333,326.65,331.35,1319148,12484
20-11-2019,332.75,325.1,328.7,1228683,13975
19-11-2019,331.75,322.2,330.3,1498918,13662
18-11-2019,329.75,323.95,325.2,2005080,14455
15-11-2019,323.5,310,322,4298460,29881
14-11-2019,309.35,299.85,306.1,1265090,9893
13-11-2019,318.5,305.6,306.55,1185213,13444
11-11-2019,319.25,313.3,318.3,886219,8631
08-11-2019,321,314.85,315.85,1052289,11002
07-11-2019,323.3,316.6,318.15,1389521,13562
06-11-2019,319.2,314,317.55,1673285,13178
05-11-2019,322,312.75,319.2,2324932,17877
04-11-2019,319,312.6,314.2,1708410,13253
01-11-2019,315.1,308.7,313.5,2137459,15412
31-10-2019,318,292.6,312.25,6166973,41042
30-10-2019,291,279.25,289.95,2252804,18313
29-10-2019,284.9,278.6,280.5,1831074,15312
27-10-2019,285.9,280.35,282.05,592108,9450
25-10-2019,284,263.6,281.6,5552179,41244
24-10-2019,277.65,248.8,262.7,2991580,23034
23-10-2019,277.7,268.8,275.5,1197684,9680
22-10-2019,274.95,268.6,270.45,1330438,9754
18-10-2019,271.2,263.5,269.65,1770184,11471
17-10-2019,266.1,255.85,265.45,1695780,12939
16-10-2019,261.85,255.05,255.9,1786459,10700
15-10-2019,259.9,254.75,258.4,1166418,10768
14-10-2019,259.35,254.1,255.45,1071347,9270
11-10-2019,261.4,251.6,254.5,2074551,16739
10-10-2019,259,252.7,254.05,1638667,12939
09-10-2019,262,244.35,260.9,2783279,26477
07-10-2019,253.4,246.6,249,2033866,15802
04-10-2019,260.5,248.6,249.9,3261583,27356
03-10-2019,260.7,250.15,255,4848548,23903
01-10-2019,275.5,245.65,256,4976408,34595
30-09-2019,283.3,270.1,270.9,1809505,14560
27-09-2019,286.05,280,281.25,1793222,12164
26-09-2019,289.7,277,281.9,3447677,21856
25-09-2019,299.4,278.6,280.15,2970811,30337
24-09-2019,315,301,302.45,1712432,14500
23-09-2019,315.5,300.4,313.6,3682690,27611
20-09-2019,307.6,268.55,301.7,4417530,31441
19-09-2019,280.5,273.2,274.05,1126938,8332
18-09-2019,282.85,274.5,280.5,1000704,9616
17-09-2019,286.35,273.1,273.9,1084815,10776
16-09-2019,290.45,284.05,284.65,824210,8088
13-09-2019,292.4,282.1,291.7,970245,10622
11-09-2019,285.85,278.45,285.3,743599,8779
09-09-2019,278.6,271.5,277.9,998548,6992
06-09-2019,277,272.25,273.95,619789,5930
05-09-2019,276.3,271.15,273.15,1163219,6977
04-09-2019,275.75,267.6,274.95,2238035,9404
03-09-2019,271.9,267.15,268.35,1047142,9049
30-08-2019,277.9,266.95,273.7,1911077,15812
29-08-2019,284.3,273.5,274.65,906601,10440
28-08-2019,287.25,282.2,284.9,915588,6947
27-08-2019,288,282.75,285.7,3226219,16573
26-08-2019,288,270.05,280.25,5094718,21253
23-08-2019,275.05,262.7,271.1,1261096,9749
22-08-2019,278,267.3,268.4,953867,9114
21-08-2019,285.8,276.4,277.4,977952,9780
20-08-2019,287.55,280.85,283.65,844230,7920
19-08-2019,292.65,286.1,286.7,716842,6361
16-08-2019,292.6,284.3,290.95,7291861,7831
14-08-2019,291.25,284.35,289.85,767771,6478
13-08-2019,292.1,282.6,283.4,851714,9080
09-08-2019,297.95,290.2,291.35,1054810,8399
08-08-2019,295.4,285.65,294.3,1092000,11009
07-08-2019,303.05,288.85,289.95,1228606,11497
06-08-2019,304.35,297.5,301.25,1702032,9808
05-08-2019,302.85,292,300.25,1993140,17543
01-08-2019,331.55,311.5,317.2,1435145,15063
31-07-2019,333.1,323.9,332.05,863474,11064
30-07-2019,346.7,325.85,327.5,980143,11095
29-07-2019,346.6,336.95,343.65,665510,6389
26-07-2019,346.1,340.85,342.5,728342,7031
25-07-2019,343.2,337.55,341.4,684937,5424
24-07-2019,344.75,336.3,339.65,766187,7656
23-07-2019,353.1,341.05,342.05,929840,10996
22-07-2019,359.5,348.8,350.8,1051694,10038
19-07-2019,365.9,355.15,356,533455,6597
18-07-2019,373.7,362.6,363.65,842441,7242
17-07-2019,373.5,363.2,372.15,652963,7557
16-07-2019,365.85,357.55,364.25,467513,5638
15-07-2019,364.65,357.6,359.95,1135189,7669
12-07-2019,366.4,361.5,363.55,472281,5623
11-07-2019,364,357.05,363.1,738643,5886
10-07-2019,361.7,351.35,354.2,1309501,9846
09-07-2019,360,352.6,359.15,840451,8507
08-07-2019,368.9,353.55,355.25,901026,12106
05-07-2019,373.4,366,370.6,1784869,15203
04-07-2019,370.7,366.3,367.3,849228,9234
03-07-2019,366.55,363.15,366.15,484847,8363
02-07-2019,365,360.35,364.5,530796,7068
01-07-2019,362.95,358.55,361.5,385010,4705
28-06-2019,364.85,358.9,360.9,757668,6414
27-06-2019,363,357.4,362.05,825941,7492
26-06-2019,359,354.65,358,638202,6218
25-06-2019,356.9,351.25,356.5,591162,6451
24-06-2019,354.55,349.75,353.25,839158,6670
21-06-2019,350.45,343.25,349.45,840865,7777
20-06-2019,346.2,335.8,345.05,688573,9057
19-06-2019,345.1,335.7,338.85,566810,5912
18-06-2019,343.9,333.75,340.25,1181672,8158
17-06-2019,343.9,337.05,337.75,505325,4758
14-06-2019,346.35,342.7,343.85,556440,3875
13-06-2019,347,339.55,346.3,1997665,7231
12-06-2019,347.35,342.5,344.2,636710,4643
11-06-2019,348.2,342.85,347.35,799537,6235
10-06-2019,347.5,339.9,343.4,1179734,10077
07-06-2019,342.35,335.85,341.65,1187491,8956
06-06-2019,349.8,336.1,337.05,1463518,11680
04-06-2019,357.15,351.35,352.35,2138824,9283
03-06-2019,355.55,349.8,354.9,1028901,9413
31-05-2019,357.8,345,352.55,1309018,16556
30-05-2019,354.9,347.6,353.65,1041082,8188
29-05-2019,359,347.2,348.55,1072362,10961
28-05-2019,361.5,356.7,360.4,1311058,10340
27-05-2019,362.2,354,361.45,1801457,13239
24-05-2019,356,343.5,354.6,2400864,17547
23-05-2019,364,339.2,342.3,4157235,34462
22-05-2019,342.8,333.55,340.85,1969361,10018
21-05-2019,347.1,336.15,337.55,5921841,18144
20-05-2019,346.1,330.75,344.6,3409600,28146
17-05-2019,321.6,313.3,318.95,922507,6979
16-05-2019,316.85,309.5,315.2,907009,6005
15-05-2019,317.75,310.2,311.6,1670626,9517
14-05-2019,316.05,305.05,313.9,1364050,9602
13-05-2019,314.4,305.1,306.75,1903014,13247
10-05-2019,310.7,292.2,308.05,3616120,24012
09-05-2019,300.95,295.95,299.25,1254416,6573
08-05-2019,305.45,297,298.1,1347901,6784
07-05-2019,312.3,304.05,305.85,1896017,8832
06-05-2019,310,305.9,308.7,614890,4230
03-05-2019,311.5,308.1,309.15,2895175,6592
02-05-2019,311.35,305.6,307.45,1414777,8650
30-04-2019,312.5,305,310.2,641470,5274
26-04-2019,313.25,306.45,312.3,714393,5338
25-04-2019,312.05,305.7,306.3,575028,5839
24-04-2019,311.85,303.6,310.7,737115,6579
23-04-2019,313.55,304.9,305.65,760962,5660
22-04-2019,312.4,306.5,310,819602,7008
18-04-2019,315.9,308.1,310.9,708133,5402
16-04-2019,319.3,314.95,315.8,843477,5032
15-04-2019,318.5,314.1,315.65,584068,4978
12-04-2019,316.5,311.5,315.3,655701,4992
11-04-2019,315,308.95,314.7,815753,5717
10-04-2019,317.25,310.5,311.2,864801,11955
09-04-2019,315.95,308.1,315.15,1568338,8163
08-04-2019,319.3,311.25,312.8,757492,5601
05-04-2019,323.6,314.65,317,1136364,7417
04-04-2019,325.55,318.55,321.7,1046914,9530
03-04-2019,332.65,319.55,320.65,1202674,8890
02-04-2019,330.5,321.9,328.55,1270507,10689
01-04-2019,327.5,321.2,322.8,1131983,10033
29-03-2019,322.95,316.7,320.8,1443769,10099
28-03-2019,319.9,309.15,318.4,2524781,18188
27-03-2019,310.7,304.3,308.05,2323321,14127
26-03-2019,305.95,294.05,303.3,2237048,8034
25-03-2019,295,292.4,293.8,2288397,7027
22-03-2019,306.3,297,298.1,1756380,6625
20-03-2019,304.7,299.85,303.45,1777827,12656
19-03-2019,306.2,299,302.75,1955315,11760
18-03-2019,300.75,294.3,298.45,3018009,11174
15-03-2019,300.5,292.05,297.7,2317993,13472
14-03-2019,294.6,290.45,291.15,1933895,8094
12-03-2019,289.75,285.3,286.5,2114120,9077
11-03-2019,288.5,283.3,286.8,1742960,9277
08-03-2019,284.2,279.8,281.25,2448108,7596
07-03-2019,282,277.65,281.15,2438806,7074
06-03-2019,282.2,275.55,277.65,1332335,6553
05-03-2019,277.5,271.2,276.05,2460449,7615
01-03-2019,274.4,270,272.95,1005936,6006
28-02-2019,270.95,267.5,269.75,658736,5165
27-02-2019,272.5,266.5,267.25,1174418,7453
26-02-2019,268.2,263.25,266.3,878518,5611
25-02-2019,271.45,268.15,270.2,564769,4206
22-02-2019,271.8,267.25,270.75,667047,4936
21-02-2019,270.9,267,267.55,755803,5296
20-02-2019,267.7,264.5,267.05,741933,6050
19-02-2019,267.25,260.5,262.5,916974,7997
18-02-2019,265.5,258.8,259.75,985624,9508
15-02-2019,269,261.3,262.95,926380,7180
14-02-2019,268.65,264,267.05,1325699,9278
13-02-2019,278,266.75,268.25,1558443,7588
12-02-2019,282.2,274.5,275.4,739466,5507
11-02-2019,286,279,279.8,616744,4908
08-02-2019,287.3,282.4,285.05,704422,6278
07-02-2019,294,286.85,287.6,1799597,10311
06-02-2019,288.9,283.6,288.2,911063,6387
05-02-2019,286.75,283,284.5,677418,4984
04-02-2019,284.85,278,283.6,1106833,7757
01-02-2019,302.35,282,284.3,4499756,26853
31-01-2019,294.5,287.75,293.35,1920682,13807
30-01-2019,290,280.4,287.5,1230092,6274
29-01-2019,286,276.6,280.75,795755,5080
28-01-2019,286.5,277.45,281.6,641526,5011
25-01-2019,291,283.25,285.25,498339,3725
24-01-2019,289.9,285.5,287.95,578602,4191
23-01-2019,294.7,285.4,286.5,578169,4138
22-01-2019,292.8,288.2,290.3,713849,3721
21-01-2019,296.75,291.1,292.35,1451832,4911
18-01-2019,299.7,294.2,295.2,1061221,3984
17-01-2019,304.5,295.4,297.35,2476004,8925
16-01-2019,306.4,302,302.75,1198578,6838
15-01-2019,303.6,300.55,301,1159145,4617
14-01-2019,303.4,299.45,300.5,1574072,5002
11-01-2019,306,301.1,302.55,1117724,6626
10-01-2019,307.2,302.95,304.65,1420815,9157
09-01-2019,306.95,300.85,305.05,1341992,8173
08-01-2019,305.8,294.7,305.1,1613023,11438
07-01-2019,301.35,294.65,295.7,996250,6037
04-01-2019,298.95,291.45,297.5,1642285,7780
03-01-2019,295.75,290.2,291.05,1648244,7225
02-01-2019,302.2,293.1,293.85,1691617,10836
01-01-2019,300.15,293.8,299.35,2978586,9574
31-12-2018,298.1,295.05,295.65,1779006,7296
28-12-2018,297.05,293.6,294.45,1195602,7179
27-12-2018,297.5,291.05,291.85,905888,6782
26-12-2018,294.8,287.2,293.95,1965380,8730
24-12-2018,294.95,289.85,292.8,1649779,8276
21-12-2018,296.45,290.05,291.65,1994307,10628
20-12-2018,301.5,293,293.85,2250216,9100
19-12-2018,301.95,294.05,300.4,3368259,17317
18-12-2018,294,287,292.55,1555559,9709
17-12-2018,291.3,287.1,288.65,1490329,8620
14-12-2018,290.85,286.95,289.15,1000259,5947
13-12-2018,294.05,286,288.6,1542462,10053
12-12-2018,285.8,282.55,285.25,844352,6617
11-12-2018,283,267.3,281.2,1231049,9174
10-12-2018,276.4,261.1,273.4,763037,6441
07-12-2018,277.5,272.25,275.4,697518,4098
06-12-2018,279,275,275.75,602183,4223
05-12-2018,283.05,277.7,280.2,686643,5467
04-12-2018,287.9,281.9,282.3,982218,5245
03-12-2018,287.9,283.4,287,712981,4565
30-11-2018,290.8,283.3,284.35,812783,6079
29-11-2018,289.65,284.25,286.25,782172,5352
28-11-2018,292.45,283,284.15,1414725,9272
27-11-2018,290.2,283.9,289.05,1246974,7265
26-11-2018,286.8,279.75,285.7,953082,6521
22-11-2018,287,281.5,282.6,493534,4121
21-11-2018,289.5,283.3,286.55,1825790,6950
20-11-2018,288.65,282,283.05,913371,5839
19-11-2018,293.4,286.3,288.2,697713,6352
16-11-2018,291.05,282.85,290.3,1548651,10087
15-11-2018,287,281.3,285.3,1004630,7143
14-11-2018,287.7,279.1,283.7,7343921,11421
13-11-2018,279.9,273.5,278.15,965595,6387
12-11-2018,284,276.85,277.75,1745463,6416
09-11-2018,287.45,282.55,283,4075029,8080
07-11-2018,290,285.95,286.65,250372,2660
06-11-2018,298.15,284.3,286.5,2486352,16580
05-11-2018,299.9,283.75,295.3,2519900,18023
02-11-2018,292.65,283.25,285.45,1738174,11493
01-11-2018,288.35,278.85,285.7,1765394,11479
31-10-2018,281.8,268.7,280.5,1620969,13691
30-10-2018,279,266.15,273.15,2144031,14385
29-10-2018,268.75,248.3,268.05,2416167,15994
26-10-2018,254,247.65,248.1,1037269,7705
25-10-2018,255,248.4,249.65,1439903,11840
24-10-2018,261.85,252.9,255.5,1270634,8201
23-10-2018,259,254.95,255.35,1194413,8034
22-10-2018,266.5,259,259.95,3525967,8836
19-10-2018,264,258.1,260.85,1526541,8238
17-10-2018,275,259.9,261.15,1282755,9188
16-10-2018,271,263.6,270.2,1837519,8561
15-10-2018,265.6,261,263.35,896570,6811
12-10-2018,268,261.5,263.35,6700498,11518
11-10-2018,271.25,261.1,262.15,2638145,19739
10-10-2018,279.4,261.15,278.1,1684200,11941
09-10-2018,268.7,259.7,262.65,1145115,9832
08-10-2018,268.35,258.55,266,1077520,9426
05-10-2018,272,255.95,257.8,2129211,17252
04-10-2018,272.4,265.8,270.6,998578,8606
03-10-2018,278.3,269.95,270.7,1566631,9087
01-10-2018,274.25,264.4,273.05,1464835,9846
28-09-2018,272.75,262.4,265,1981859,14593
27-09-2018,268.15,263.9,265,939783,8888
26-09-2018,273.85,262.35,264,5335956,10818
25-09-2018,272.2,261,270.25,1171589,12282
24-09-2018,273,263,264.55,2803506,13104
21-09-2018,279.35,253.6,270.05,3124345,21747
19-09-2018,278,270.6,271.4,1717341,14542
18-09-2018,286.9,272.55,274,1777022,16513
17-09-2018,289.5,284.1,285.6,1036473,8244
14-09-2018,291.45,288.85,290.4,915880,6195
12-09-2018,286.6,280.15,285.45,1125940,8491
11-09-2018,291.5,281.2,282.3,2335721,13504
10-09-2018,293.3,284,285,1653251,11467
07-09-2018,296.5,290,291.85,1316405,10063
06-09-2018,300,295.1,296.65,886328,6895
05-09-2018,298.9,290.6,296.75,1072809,10034
04-09-2018,307.7,295.7,296.6,1127481,9660
03-09-2018,312.2,304.3,306.4,1011813,6743
31-08-2018,310,304.75,308.85,1333008,7732
30-08-2018,310,306,308.15,934912,6176
29-08-2018,312,306,309.65,1538284,12104
28-08-2018,310.15,303.6,304.95,812586,8744
27-08-2018,310.3,303.25,308.25,1887982,11032
24-08-2018,305.85,299.1,300.3,1068084,10615
23-08-2018,307.9,298.35,302.25,953542,8264
21-08-2018,308.5,303.5,306.9,758375,9665
20-08-2018,308.5,303.7,307.55,1390276,10952
17-08-2018,302.65,294.2,302,1395035,10438
16-08-2018,298.25,290.5,292.7,1137255,8303
14-08-2018,299.1,293.75,294.7,1678183,7545
13-08-2018,302.55,291.8,294.8,2454485,16767
10-08-2018,325.85,301.1,304.45,6462515,47787
09-08-2018,319.2,310.1,316.45,2508521,18620
08-08-2018,310.55,303.15,308.65,1057985,7553
07-08-2018,310.5,303,304,1083375,7740
06-08-2018,310.9,300.5,308.55,2032631,17606
03-08-2018,299.15,294.05,298.6,3477241,15433
02-08-2018,296.2,290.6,294,884852,6790
01-08-2018,297.8,289,295.1,1758321,11832
31-07-2018,302.3,292.25,293.4,1877491,16866
30-07-2018,299.55,287.6,297.35,1962286,16316
27-07-2018,296.8,285,286.6,1939170,16195
26-07-2018,288.5,273.55,286.7,2153581,19093
25-07-2018,272.55,265.8,271.45,810369,6873
24-07-2018,269.25,265.7,266.7,583727,4494
23-07-2018,267.35,260.7,266.4,776987,4857
20-07-2018,262.9,258.65,260.95,677082,4543
19-07-2018,263.2,256,260.15,772866,5172
18-07-2018,262.65,256.05,259,882204,6345
17-07-2018,260,250.35,259.25,1077503,9258
16-07-2018,257.55,251.1,251.75,481573,6682
13-07-2018,263.05,256.1,257.6,3130061,4365
12-07-2018,264.35,261,262.75,526188,4095
11-07-2018,263.45,258,258.9,586328,5295
10-07-2018,265.6,262.1,263.5,545861,4252
09-07-2018,262.4,258,261.35,569398,4530
06-07-2018,260.9,255.7,257.45,652809,5145
05-07-2018,258.6,255.5,256.6,405184,3605
04-07-2018,258.35,254.65,257.5,764399,4157
03-07-2018,260.7,256.7,257.75,541935,4613
02-07-2018,261.6,254,259.1,882392,6138
29-06-2018,263.3,257.6,259.3,569762,5265
28-06-2018,261.95,255.85,256.85,740047,5380
27-06-2018,268,260.8,261.65,795485,5304
26-06-2018,271.1,265.45,267.15,978497,5618
25-06-2018,275,267.4,268.3,482283,4330
22-06-2018,273.9,265.8,273.25,775701,5330
21-06-2018,274.55,268.05,268.7,460574,3940
20-06-2018,274.75,271.55,273.25,911269,5603
19-06-2018,276.7,270.1,272.4,1145820,6043
18-06-2018,279.7,275.55,276.85,703222,4321
15-06-2018,283.4,276.5,277.55,703218,6063
14-06-2018,287.15,281.25,282.7,903754,8035
13-06-2018,289.35,284,287.65,1470080,12722
12-06-2018,284.6,273.65,282.85,1735577,10048
11-06-2018,278.25,272.55,273.65,918121,7238
08-06-2018,273.2,267.05,272.7,951380,7153
07-06-2018,272.7,268.4,269.25,1036913,7186
06-06-2018,270.8,262.15,269.9,1003521,6508
05-06-2018,265.05,261,263.5,797511,4668
04-06-2018,268.95,261.65,263.1,657500,4628
01-06-2018,269.7,264.6,266.75,746894,4966
31-05-2018,272.85,263.2,269.2,863012,6449
30-05-2018,268.05,260,266.9,1077579,6133
29-05-2018,271,263.45,264.9,821457,6560
28-05-2018,274,266.25,272.25,1176549,8638
25-05-2018,268.7,262.65,267,1140754,7171
24-05-2018,269.5,260.8,268.5,2078061,16030
23-05-2018,269.7,254.15,263.2,4757067,31908
22-05-2018,259.9,241.3,254.15,4489373,26973
21-05-2018,245.85,240.25,245.1,1389712,9252
18-05-2018,243.9,237.85,239.2,2252912,7320
17-05-2018,245.95,242,243.3,1866104,9610
16-05-2018,248.6,240.8,243.15,1533799,7951
15-05-2018,257.2,246,248.6,2175881,9614
14-05-2018,255.6,248.55,253.35,1425180,6914
11-05-2018,251.8,246.1,250.9,2267400,6196
10-05-2018,250.35,246.6,247.95,1122880,4944
09-05-2018,249.95,246.45,248.8,2068689,8870
08-05-2018,252.45,244.75,250,2584623,8207
07-05-2018,248.15,242,246.5,1721182,6479
04-05-2018,243.85,240.65,241.95,1905471,5090
03-05-2018,243.4,238.8,241.8,741317,5097
02-05-2018,246.4,239.75,240.65,638079,6516
30-04-2018,249.5,244.8,246.3,961621,7457
27-04-2018,245.75,232,242.65,1733902,13744
26-04-2018,238.75,232.6,233.35,851875,8398
25-04-2018,240.7,237,237.4,696728,6274
24-04-2018,243.5,239.5,240.6,636887,5059
23-04-2018,244.85,239.25,242.7,2604328,8495
20-04-2018,245.55,239.5,241.4,1176085,14885
19-04-2018,248.2,245.2,246.25,706446,6021
18-04-2018,250,245.4,246.25,844431,5987
17-04-2018,252.55,246.8,248.2,857524,6026
16-04-2018,251.5,247.5,249.3,582678,4992
13-04-2018,256.05,250.15,251.2,1005847,7764
12-04-2018,257.4,252.7,254.3,779024,6196
11-04-2018,263.25,256.5,257.3,858460,5882
10-04-2018,265.25,258.5,263.25,4251599,10672
09-04-2018,262.75,257.8,260.55,1675768,8400
06-04-2018,261.15,255,259.8,3233693,10552
05-04-2018,261.6,250,258.4,1541677,12242
04-04-2018,253,245.6,246.9,915994,6969
03-04-2018,253,248.25,250.35,2233250,11768
02-04-2018,251.95,245.15,246.3,819715,6465
28-03-2018,255.9,249.15,250.1,1095310,9363
27-03-2018,255.2,248.2,253.85,2726226,12231
26-03-2018,247.5,234.45,246.35,3101683,14649
23-03-2018,238.6,232.5,234.6,1993347,13791
22-03-2018,247.2,241,241.6,2448373,14205
21-03-2018,254,247.2,247.7,1581298,8213
20-03-2018,252.3,245.45,249.25,1135716,7562
19-03-2018,253.8,246.1,248.1,1074901,8707
16-03-2018,255.6,250.5,252.6,1834475,13379
15-03-2018,258.85,253.1,254.1,847186,6827
14-03-2018,257.6,250,257,1416650,9682
13-03-2018,262.4,250,254.9,2170015,14519
12-03-2018,255,247.4,252.85,1189923,9886
09-03-2018,257.55,251.9,253.15,970104,7431
08-03-2018,257.5,244.4,256.75,1871880,14220
07-03-2018,255.95,246,246.65,2370683,14479
06-03-2018,266.1,255,256.5,1478458,13163
05-03-2018,268,258.75,263.8,1259416,8924
01-03-2018,270,261.3,262.55,3299546,25431
28-02-2018,270.4,260.9,268.75,3090656,15604
27-02-2018,275.85,266.1,267.8,2343314,13061
26-02-2018,280.4,273.75,274.75,1976330,9379
23-02-2018,277.35,272.7,276.1,1803816,9220
22-02-2018,273.5,269.25,272.6,1232294,7750
21-02-2018,274,267.3,273.1,2068366,12916
20-02-2018,273.95,264.75,269.65,3655220,14559
19-02-2018,271.75,256.6,267.65,3120693,22956
16-02-2018,281.2,270,271.75,3887817,16314
15-02-2018,282,274.45,278.85,2897772,16577
14-02-2018,289.4,275.8,276.8,4035985,25801
12-02-2018,292.4,285,288.5,2614328,21726
09-02-2018,300.55,295.05,296.4,1480654,11369
08-02-2018,308.05,292.15,301.45,1575362,9778
07-02-2018,297.95,290.1,292.75,1658643,10069
06-02-2018,297.05,283.1,291.5,7376854,16778
05-02-2018,300,289.8,297.7,1100646,9262
02-02-2018,305.4,295.05,296.9,1746741,14663
01-02-2018,317.45,304.5,305.55,2992953,16984
31-01-2018,316.45,307.65,312.75,1593330,9634
30-01-2018,318.75,310.8,312.85,1516354,9902
29-01-2018,318,310,311.1,1897912,12641
25-01-2018,334.8,312,313.15,2511198,19114
24-01-2018,330.6,316.1,329.5,4061533,26140
23-01-2018,319.95,306.25,318,2680572,18555
22-01-2018,309.4,304,306.25,1371793,6051
19-01-2018,309.8,302.45,309.05,2100878,10399
18-01-2018,317.75,300.2,302.75,3848730,18595
17-01-2018,308,292.65,306.35,4250423,13234
16-01-2018,303.4,295.25,296.15,951637,7670
15-01-2018,305.15,301.55,302.25,1013072,8468
12-01-2018,304.8,300.6,301.8,624189,4787
11-01-2018,303.05,300.1,302,746295,8727
10-01-2018,305.8,300,301.05,911368,8815
09-01-2018,309.45,303.45,304.25,1620111,7012
08-01-2018,309.3,305,305.65,1043824,6178
05-01-2018,311.8,305.6,306.2,1897329,7416
04-01-2018,309.9,303,308.05,2863595,11094
03-01-2018,306.4,302.15,302.85,806325,6812
02-01-2018,308.85,301.65,302.9,1188380,8900
01-01-2018,312.75,306.5,307.05,1725476,5796
29-12-2017,311.95,309.1,309.5,2401083,6713
28-12-2017,316.5,307.3,308.3,3225342,10829
27-12-2017,320.3,312.9,314.15,2192876,7054
26-12-2017,319.75,316.35,316.85,1178637,3909
22-12-2017,323.8,316.55,319.85,803103,6553
21-12-2017,318.2,315.3,316.55,454168,3404
20-12-2017,319.65,316.5,317.25,412886,3512
19-12-2017,322.15,318.2,319.45,562864,4687
18-12-2017,323.35,301,318.9,1701449,13041
15-12-2017,319.3,312.1,312.75,632872,5454
14-12-2017,315.7,309.6,314.05,686423,6962
13-12-2017,318.9,311.3,313.25,709998,5779
12-12-2017,320.3,314.9,318.4,758409,6760
11-12-2017,319.2,315.25,318.3,654329,6771
08-12-2017,318.65,312.1,313.15,1236570,6623
07-12-2017,317.75,312.3,316.6,798630,5549
06-12-2017,317.7,311.45,312.25,956196,8768
05-12-2017,320.6,308.95,319.3,1516319,9337
04-12-2017,317.4,311.3,313.3,607556,5190
01-12-2017,322.5,311.4,312.55,1066080,7945
30-11-2017,326.85,318.85,320.45,921322,7694
29-11-2017,334.7,327.65,328.8,493399,4129
28-11-2017,336.25,331.5,332.65,972320,5025
27-11-2017,336.5,328.4,335.25,778581,7021
24-11-2017,336.8,331.5,332.25,754610,5600
23-11-2017,336.9,331.95,334.9,758211,5840
22-11-2017,339.5,327.3,335.2,1643066,11267
21-11-2017,335.4,330,330.75,914107,7057
20-11-2017,337.7,331.6,333.05,974379,6949
17-11-2017,346.5,335.8,337.4,1921175,15692
16-11-2017,334.05,323.7,333.45,1228155,9899
15-11-2017,330.85,322.15,325.2,1006179,8681
14-11-2017,334.7,327.65,329.2,1415815,8909
13-11-2017,344.6,329.9,331.2,7954401,24009
10-11-2017,338.15,309.6,333.2,7645816,54934
09-11-2017,317.9,308.5,313.75,1906378,10872
08-11-2017,319.4,307,309.75,1249483,9612
07-11-2017,331.8,315.6,317.2,1553044,12923
06-11-2017,329.85,321.5,328.95,1691305,14895
03-11-2017,326.9,312.45,325,2392476,17088
02-11-2017,323.25,314.05,314.95,1995075,13415
01-11-2017,321.45,309.2,319.8,2542032,20301
31-10-2017,313.8,304.4,305.8,1085058,10628
30-10-2017,322.5,310.35,312.1,3422756,20347
27-10-2017,323.4,310.15,310.95,2508221,18356
26-10-2017,351.5,317.25,320.65,7564371,63316
25-10-2017,328,279.95,324.7,17296060,134735
24-10-2017,255.35,246,254.5,1191897,8840
23-10-2017,246.75,242.6,245.75,504363,4936
19-10-2017,245.4,241.25,242.5,525437,5710
18-10-2017,247.95,242.5,244.2,1673032,9875
17-10-2017,254.5,250.8,251.15,551700,4485
16-10-2017,255,250.35,252.25,610856,4705
13-10-2017,255,250.3,252.45,508321,4325
12-10-2017,253,249,251.6,1258500,6402
11-10-2017,258.25,250.6,251.6,858527,6760
10-10-2017,258.2,255.8,256.65,426008,3062
09-10-2017,258.95,254.5,256.5,463055,4711
06-10-2017,257.5,251.5,256.65,768915,5770
05-10-2017,253.95,249.25,251.35,686395,8628
04-10-2017,254.7,251.15,253.35,616459,4756
03-10-2017,256.45,250.65,251.3,578057,6054
29-09-2017,255.6,253.1,253.75,429274,4368
28-09-2017,253.6,249.55,252.8,714794,5626
27-09-2017,260.1,248.8,250.45,1244978,12033
26-09-2017,259.55,256.05,257.9,606968,11318
25-09-2017,261.85,254.7,258.65,1013224,9566
22-09-2017,267.45,261.2,261.9,966177,8438
21-09-2017,271.45,267.6,268.5,495890,4216
20-09-2017,272,267.8,270.55,762200,5955
19-09-2017,271,266.55,267.8,956922,8034
18-09-2017,274,269.5,270.15,725902,8895
15-09-2017,274.3,270.8,272.05,759700,4334
14-09-2017,275.5,272.3,273.9,557556,4473
13-09-2017,276.5,272.75,273.35,969274,7084
12-09-2017,275.45,270.55,273.5,677334,5572
11-09-2017,273.7,269.65,270.85,1662833,9751
08-09-2017,275.6,271.25,271.95,1425901,8702
07-09-2017,276.9,273.5,274.5,1576319,9101
06-09-2017,277.2,273.5,274.2,1126023,6403
05-09-2017,279.25,276.7,277.3,1118139,4832
04-09-2017,279.5,276.2,277.8,582082,5712
01-09-2017,279.95,276.55,277.7,692851,6289
31-08-2017,279,274.3,277.35,700338,6026
30-08-2017,279.3,276,276.9,969642,4955
29-08-2017,280.75,276,276.7,988823,5859
28-08-2017,282.9,279,279.3,1134477,10150
24-08-2017,281.35,277.6,280.45,863400,5706
23-08-2017,279.35,274.5,278.75,673432,5044
22-08-2017,277.75,271.35,274.1,1703452,8398
21-08-2017,280.7,273.4,274.65,820214,7005
18-08-2017,279.5,276,278.65,993368,8736
17-08-2017,284.6,280.05,280.75,1722662,9652
16-08-2017,283.6,274.2,282.9,1683686,16824
14-08-2017,283,276.1,278.05,1988533,18633
11-08-2017,302.8,278.25,280.65,4249594,38550
10-08-2017,302.3,292,296.55,1069607,9527
09-08-2017,307.45,300.2,302.2,933434,7194
08-08-2017,312,301.4,303.85,1022553,7746
07-08-2017,311.9,305.45,311.1,998338,6680
04-08-2017,306.6,297.6,305.45,1050417,8513
03-08-2017,307.4,299,300.75,988222,7504
02-08-2017,311.7,305.4,307.65,1207423,11786
01-08-2017,314.9,308.1,308.8,984460,8918
31-07-2017,313.9,298.1,312.55,3417051,27221
28-07-2017,300.5,295.5,299.2,757840,7071
27-07-2017,299.7,296.35,298.3,1777378,7567
26-07-2017,299.45,295.25,295.75,640953,5505
25-07-2017,296.95,294.75,296.25,678333,5817
24-07-2017,296.2,290.65,294.45,761990,6317
21-07-2017,292.2,288.4,290.35,431149,3871
20-07-2017,294,290,290.65,473847,4911
19-07-2017,293.85,291,293.2,475035,5820
18-07-2017,296.3,290,290.45,1709670,7302
17-07-2017,294,289.7,292.8,835299,7555
14-07-2017,293.6,287.2,291.6,1073967,7949
13-07-2017,290,286.65,288.6,628310,4663
12-07-2017,288,283.25,287.4,657243,4987
11-07-2017,289.4,283.1,283.6,1142110,7589
10-07-2017,287,280.5,285.55,3605684,26355
07-07-2017,282.4,279.8,280.2,540634,4053
06-07-2017,282.75,274.5,280.9,1245617,10920
05-07-2017,275.65,272.4,275,693654,4455
04-07-2017,276.4,272.05,273,652050,4779
03-07-2017,275.35,272.65,274.7,585573,5138
30-06-2017,274.65,269.8,273.6,810714,6762
29-06-2017,279.2,271.6,272.55,999877,8173
28-06-2017,278.4,273.85,276.4,1279218,9831
27-06-2017,289.1,277,279.4,2496105,10863
23-06-2017,295.3,287.8,288.85,765354,7834
22-06-2017,295.7,291.25,294.55,1380077,6953
21-06-2017,292.3,288.25,290.2,2160679,3971
20-06-2017,291,285.7,290,1092198,6059
19-06-2017,289.55,285.35,288.5,632484,6455
16-06-2017,286.65,283.35,285.85,1691416,7992
15-06-2017,285.75,281.55,284.05,1373156,7320
14-06-2017,286.35,282.8,284.35,727888,5001
13-06-2017,287.1,283,283.8,834111,5234
12-06-2017,287,284.4,285.05,698974,4992
09-06-2017,289.5,286,288.5,1461948,4919
08-06-2017,292.3,288.1,288.8,575665,4044
07-06-2017,291.45,287.25,290.75,816223,6178
06-06-2017,292.9,286.5,287.25,803082,6328
05-06-2017,289.6,287,287.35,541392,4371
02-06-2017,290.5,286.65,287.4,659567,5345
01-06-2017,291.15,284.85,287.35,901626,7001
31-05-2017,291.25,287.45,288.55,601296,5820
30-05-2017,289.45,281.15,288.8,699527,10655
29-05-2017,290.8,283.75,284.4,978317,6595
26-05-2017,290.75,285.3,288.45,1077478,7887
25-05-2017,291,283.85,290,1024680,8320
24-05-2017,290.15,281.9,283.15,1371376,10711
23-05-2017,295.9,287,289.15,1478728,11729
22-05-2017,309.3,293.25,294.4,2278172,19280
19-05-2017,315,302.2,308.15,4801674,35993
18-05-2017,307.85,302.05,302.95,1046542,7046
17-05-2017,308.6,305.45,307.65,1106424,8945
16-05-2017,308.3,299.2,307,5871721,15646
15-05-2017,301.5,297.6,300.45,2157073,11847
12-05-2017,302.5,295.7,297.15,2386158,12245
11-05-2017,299.3,294.45,298,2155328,8616
10-05-2017,298,293.1,294.6,820206,5304
09-05-2017,301,295.3,296,1084844,5480
08-05-2017,300.4,294,298.65,815944,6929
05-05-2017,304.9,292,295.95,3366537,23019
04-05-2017,299.8,293.1,298.8,2582802,16567
03-05-2017,293.15,285.8,289.35,1111318,7341
02-05-2017,292.5,287.1,288.25,866004,6838
28-04-2017,290.5,282.6,289.45,1114024,7730
27-04-2017,287.8,281,281.95,949975,6170
26-04-2017,289.15,283.35,286.4,810712,7061
25-04-2017,288.6,285.05,286,650865,8826
24-04-2017,287.35,281,285.55,765144,8017
21-04-2017,286.9,279.35,282.15,1272216,7596
20-04-2017,287.1,282.15,284.9,964058,15637
19-04-2017,293,283.2,284.2,1484320,9532
18-04-2017,296.4,288.5,290.15,1485051,9914
17-04-2017,292.5,288.55,289.65,1239658,5963
13-04-2017,292.9,289.3,291,1722889,7278
12-04-2017,295.5,289.2,290.1,1377460,6900
11-04-2017,294.5,289.05,293.7,1261467,7389
10-04-2017,290.3,286.5,289,1215367,6812
07-04-2017,294.7,288.05,289.4,1587699,7900
06-04-2017,297.55,291.6,292.7,2089915,10163
05-04-2017,298.65,289.75,296.7,2401978,13564
03-04-2017,295.5,291.5,293.15,1077883,8604
31-03-2017,294.25,288.55,292.6,2076728,15316
30-03-2017,293.5,288.15,290,1974483,13017
29-03-2017,289.55,282.5,287.75,18346222,16713
28-03-2017,282.9,278.6,282.15,4603318,14091
27-03-2017,280.7,275.3,279.35,1533913,13179
24-03-2017,278.75,268.7,276.05,1912571,15508
23-03-2017,269.45,266.65,268.5,849174,5883
22-03-2017,271.4,267,267.65,932422,7749
21-03-2017,277,270.2,272.3,1142201,7715
20-03-2017,275,272,274,8106217,5342
17-03-2017,279.6,273.5,274.1,1281510,7612
16-03-2017,280,276.1,278.95,3721429,11865
15-03-2017,280,272.5,277.4,1481548,12056
14-03-2017,279,273.95,274.7,998562,9550
10-03-2017,275.65,269.7,272.05,2350135,7220
09-03-2017,273.8,268.5,273.2,2253195,12025
08-03-2017,270.25,266.05,269.7,1250732,7569
07-03-2017,271,266.45,268.05,441030,4456
06-03-2017,270.45,265.55,269.9,623060,5661
03-03-2017,268.6,264.5,265.15,763059,7435
02-03-2017,274.6,265.9,267,1130527,9302
01-03-2017,273.1,270,271.95,1157627,6638
28-02-2017,271,268.2,269.2,578290,5592
27-02-2017,271.5,267.6,268.15,1932776,7892
23-02-2017,273,269.8,270.5,2294677,9334
22-02-2017,274.5,269.55,271.8,1557349,13220
21-02-2017,271.25,268.7,270.65,1022457,7820
20-02-2017,271.5,268.1,269.25,1645609,6876
17-02-2017,273.7,267.75,268.8,2822028,12943
16-02-2017,277,269.8,270.4,3218188,15951
15-02-2017,272.4,267.1,268.65,1425318,9587
14-02-2017,273.4,268.1,270.5,1834821,8041
13-02-2017,278.35,270.2,271.4,1535861,14571
10-02-2017,282.45,275,276.25,5531109,32297
09-02-2017,280.2,271.05,275.85,1953369,10809
08-02-2017,279.2,273,277.3,2999403,17557
07-02-2017,279.6,276.2,277.5,2507178,10208
06-02-2017,282.45,276,277.05,1742387,13552
03-02-2017,278.05,272,277.4,3954087,15133
02-02-2017,274.7,268.6,272.7,4939979,19815
01-02-2017,271.65,261,270.3,4767253,27960
31-01-2017,263.9,259.45,260,1393891,8891
30-01-2017,267.7,262.6,263,1972593,13173
27-01-2017,268.25,259.5,266.5,2597953,20956
25-01-2017,261,254.25,259.3,2082222,11950
24-01-2017,256.95,254.25,254.7,1280279,10284
23-01-2017,254.95,250.2,254.1,1141206,7711
20-01-2017,260.55,250.4,251,1536608,11162
19-01-2017,261.8,256.65,258.3,1557394,11985
18-01-2017,259,256.5,257.6,761642,7495
17-01-2017,258.55,254.65,256.15,887020,8145
16-01-2017,256.4,250.75,255.75,1147858,11309
13-01-2017,252.95,248.85,250.9,1635559,9310
12-01-2017,254.3,250.55,251.1,1755393,11373
11-01-2017,253.15,248.1,251.9,2441459,14185
10-01-2017,248.9,246.4,247.85,667028,7428
09-01-2017,248.2,246.1,247,594964,5835
06-01-2017,248.95,245.3,245.95,1050117,9851
05-01-2017,246,244.05,245.45,1025688,9359
04-01-2017,246.45,242.5,242.9,1271447,11180
03-01-2017,246.3,241.1,244.85,1524646,14539
02-01-2017,253.5,242.8,243.6,2429618,26779
30-12-2016,252.45,247.5,249.75,1781491,21107
29-12-2016,248.9,245.75,247.55,754686,7137
28-12-2016,252.35,246.7,247.25,1331062,11962
27-12-2016,249.9,243.1,248.7,878824,9306
26-12-2016,248.75,243.7,244.1,781838,8600
23-12-2016,251.7,248.05,249.25,889308,8392
22-12-2016,254.25,248.45,249.75,2080442,11844
21-12-2016,257.95,254.15,255.15,801075,7665
20-12-2016,262.95,253.25,254.55,1467511,13511
19-12-2016,264.4,260.85,261.4,560178,5738
16-12-2016,268.25,263.25,264.75,813798,10196
15-12-2016,267.5,259.25,265,1578399,15614
14-12-2016,266.2,262.2,262.7,794810,8567
13-12-2016,266.25,261.8,265.5,988072,8921
12-12-2016,269.45,262.4,263.4,1599873,11672
09-12-2016,266.5,258.7,266,2130847,14473
08-12-2016,260.5,258.05,259.75,944646,7081
07-12-2016,262.5,252,255.35,2725215,21692
06-12-2016,260,256.45,259.15,1242889,8382
05-12-2016,257.3,253.3,256.7,993911,8015
02-12-2016,261.25,253,254.4,2128604,17524
01-12-2016,260.95,254.75,255.75,1453568,10786
30-11-2016,259.9,252.75,258.4,1653267,11570
29-11-2016,256.5,252.1,252.95,1185549,10507
28-11-2016,257.7,248.2,253.6,2096208,20610
25-11-2016,264.65,258.6,260.95,1791027,13110
24-11-2016,262.9,254.65,261.7,1900846,15643
23-11-2016,260.8,254.9,258.75,1559253,11409
22-11-2016,262.4,251.45,257.4,2450360,21976
21-11-2016,277.8,256.25,257.75,2569703,21241
18-11-2016,279.95,274.75,275.7,1886242,15938
17-11-2016,282.4,276,277.65,3027795,21875
16-11-2016,285,276.1,277.15,2460911,20783
15-11-2016,283.35,271,278.1,5272341,30962
11-11-2016,288.5,270.7,272.9,5886310,47654
10-11-2016,283.9,265.3,281.6,5967067,52446
09-11-2016,261,231,259.75,4029745,32037
08-11-2016,254,248.9,252.6,758203,7188
07-11-2016,254,245.75,252.7,1120508,10457
04-11-2016,248.5,240.55,242.85,1192300,10802
03-11-2016,252.8,245,245.65,1287155,12070
02-11-2016,255.5,247,251.3,1073249,9407
01-11-2016,260.1,256.85,258.4,2395509,10980
30-10-2016,260,257,257.85,306968,3690
28-10-2016,258.55,253.7,257.85,2277165,10260
27-10-2016,259,254.4,255.05,2609234,12289
26-10-2016,264.75,257,259.05,1397639,10618
25-10-2016,264.65,260.75,261.3,2362503,10081
24-10-2016,264.75,258,262.85,4163083,14273
21-10-2016,260,255.75,258.4,1880556,8348
20-10-2016,260.4,255.05,259.95,3227303,16134
19-10-2016,257.95,254.3,254.8,4161624,12316
18-10-2016,257.45,253.75,256.9,4550935,13879
17-10-2016,256.3,251.9,253.1,3033994,15016
14-10-2016,253.3,249.7,251.9,3474567,14501
13-10-2016,255.4,246.1,249.7,1557775,11343
10-10-2016,260.2,255.35,256,2377551,10348
07-10-2016,259.45,255.05,258.25,3479926,15927
06-10-2016,261.9,255.8,256.85,1416758,10342
05-10-2016,264.6,259.65,260.55,3191168,19519
04-10-2016,261.5,253.85,259.25,5202146,23536
03-10-2016,257,252.6,255.2,2078880,12087
30-09-2016,252.5,245.6,250.7,1417765,10621
29-09-2016,256.75,243.5,247.15,1968079,15921
28-09-2016,255.7,248,253.5,3346226,12732
27-09-2016,253.95,248.3,248.95,1840643,11040
26-09-2016,254.4,250.65,251.65,2660045,9639
23-09-2016,258.7,253.7,254.4,2274898,10060
22-09-2016,258.35,255.2,257.35,3545874,18724
21-09-2016,256,250.75,251.35,3219387,14344
20-09-2016,256.6,253.2,254.25,2128453,8960
19-09-2016,258.3,255.15,255.65,2773389,9783
16-09-2016,261.9,253.6,254.4,1941142,12223
15-09-2016,258.55,254.2,255.8,2156707,10235
14-09-2016,258,253.15,257.6,964097,8470
12-09-2016,258.85,251.7,252.7,1692033,17295
09-09-2016,268.55,263.25,264,2728756,13805
08-09-2016,271.55,266.9,267.95,2851299,16135
07-09-2016,270,260.4,266.55,5797566,28369
06-09-2016,260.8,256.05,259.45,3123299,19611
02-09-2016,254.9,251.85,254.35,968151,8527
01-09-2016,254.65,251,251.75,1111984,10373
31-08-2016,255.4,251.25,252.55,1464389,11658
30-08-2016,252.8,249.15,252.2,1080568,9191
29-08-2016,249.65,244.5,248.75,2861529,10510
26-08-2016,250.7,246.1,246.7,1506070,11229
25-08-2016,255.55,248.7,250.05,1320124,10842
24-08-2016,256.05,253.55,254.65,1178370,9140
23-08-2016,256,251.1,254.6,1460722,13600
22-08-2016,260.5,254.1,254.95,2086475,15797
19-08-2016,260,254,258.5,4802713,32141
18-08-2016,250.25,246.05,248.2,1964823,12087
17-08-2016,249.55,244.4,246.25,1971354,14238
16-08-2016,247.8,242.4,246.45,2760169,19635
12-08-2016,247.7,224.4,243.2,13529278,79636
11-08-2016,233.4,225.9,226.95,2675375,12925
10-08-2016,237,230.75,231.5,2864171,13708
09-08-2016,237.65,232.3,234.6,6467422,29071
08-08-2016,235.9,231.65,233.05,3492581,13613
05-08-2016,233.7,226.3,232.8,2098848,16398
04-08-2016,228.55,223.2,225.55,2299974,12173
03-08-2016,230.35,225.5,226.55,3330171,13626
02-08-2016,230.9,227,227.85,2601548,15063
01-08-2016,232.6,225.65,227.45,1512895,11764
29-07-2016,232.6,228.35,229.05,2651546,16121
28-07-2016,235,229.25,230.95,3603185,20690
27-07-2016,230.95,226.8,228.65,2325398,14157
26-07-2016,232,225.5,226.5,1659171,14795
25-07-2016,231,222.7,229.85,2884964,14680
22-07-2016,225.65,222.15,223.45,1820228,12795
21-07-2016,232.1,224.2,225.6,1360277,12720
20-07-2016,232.5,229.45,230.9,1885839,13435
19-07-2016,232,226.8,229.7,2947098,18229
18-07-2016,233.85,228,228.6,1644047,12638
15-07-2016,234.45,230.9,231.5,1457142,12037
14-07-2016,232.8,226.1,231.75,2271813,24205
13-07-2016,228.4,224.05,227.2,2011848,16991
12-07-2016,227.1,224.05,226.45,1584372,12810
11-07-2016,225.35,222,224.6,1864141,15329
08-07-2016,221,216.55,218.4,1468887,11752
07-07-2016,224.75,219.25,220.5,1203631,11221
05-07-2016,225,221.7,223,1479156,13376
04-07-2016,224.4,221.65,222.85,1694016,13429
01-07-2016,220.95,218.9,219.65,1369667,10474
30-06-2016,221.8,217.9,218.65,2125658,18603
29-06-2016,218.7,216.2,217.2,1575472,12853
28-06-2016,218.65,215.7,216.3,1742439,14904
27-06-2016,218.7,210.35,217.1,3435350,23651
24-06-2016,212,202.55,211.25,6277616,43677
23-06-2016,217.95,212.9,217.4,2164301,18887
22-06-2016,215.3,211.6,212.8,1497501,12091
21-06-2016,217.55,213.2,213.9,1893257,13568
20-06-2016,216.6,208,215.8,2736791,22450
17-06-2016,217.65,211.6,213.4,2647601,21118
16-06-2016,218.5,213.1,215.7,5088435,38037
15-06-2016,217.4,208.55,215.65,5696454,43650
14-06-2016,208.25,204,207.55,1969658,16443
13-06-2016,204,200.3,202.2,1673001,14828
10-06-2016,211.5,205.5,206.2,2497938,21608
09-06-2016,212.8,208.65,210,2650120,22802
08-06-2016,211.85,207.5,210.4,2900015,26079
07-06-2016,210.9,200,209.8,6382200,58804
06-06-2016,202.3,197.1,199.05,1953139,18960
03-06-2016,202.4,195.4,196.5,2884550,21765
02-06-2016,202.25,195.8,200.55,2657049,29673
01-06-2016,207.95,196.5,197.9,4105938,39435
31-05-2016,205.6,196.55,204.85,4087878,31701
30-05-2016,203.8,194.8,198.65,4293641,43244
27-05-2016,202,181.55,195.55,11408487,89515
26-05-2016,184.9,173.6,183.75,3110660,26023
25-05-2016,175.75,171.2,175.15,1698436,13518
24-05-2016,170.7,166.6,169.55,1700663,15131
23-05-2016,172.85,168.5,168.95,2468012,17885
20-05-2016,174.7,170.7,171.45,2496808,21811
19-05-2016,181,172.05,172.9,3330710,23001
18-05-2016,180.55,173.65,180.2,2611488,21113
17-05-2016,178.95,175.3,177.05,3425424,21239
16-05-2016,185,175.4,177.2,4356015,36019
13-05-2016,187.6,184.4,185,2424054,12635
12-05-2016,189.4,185.45,188.4,2216583,15623
11-05-2016,188.6,184.3,184.95,1420234,13094
10-05-2016,190,186.85,189.3,1197693,11252
09-05-2016,189.2,185.25,188.65,1469707,14207
06-05-2016,185,180.2,184.4,2299426,19286
05-05-2016,182.4,178.6,180.45,2396487,18272
04-05-2016,184.25,179.6,180.1,2083677,20292
03-05-2016,189.3,183.75,184.2,1917761,18122
02-05-2016,188.5,186,186.4,1384041,14564
29-04-2016,194,186.65,188.95,2639631,21800
28-04-2016,198.25,191.5,192.15,2591182,18650
27-04-2016,201.1,196,196.5,1603074,16082
26-04-2016,201.4,194.6,200.85,2179231,20559
25-04-2016,202.5,195.95,197.3,2266852,18743
22-04-2016,201.25,191.8,199.9,4435130,33782
21-04-2016,197.35,190,194.2,3115164,24971
20-04-2016,188.65,184.3,187.3,1965713,19781
18-04-2016,191.7,185.8,186.85,1276445,12911
13-04-2016,193.7,190.85,191.75,1890928,16320
12-04-2016,190,186.4,187.7,1402477,12390
11-04-2016,188.9,182,188.15,2004726,16964
08-04-2016,183.8,180.35,183.1,1546393,13944
07-04-2016,185.65,181.15,182.1,1857411,18432
06-04-2016,185.65,182.5,183.95,1778378,17536
05-04-2016,194.65,183.45,184.5,4328825,42377
04-04-2016,198,192.9,195,1632477,14394
01-04-2016,197.25,192.05,195.7,2072396,18337
31-03-2016,198.75,192.7,194.3,2515892,24894
30-03-2016,198.25,190.6,197.55,2149916,18022
29-03-2016,191.25,186.8,189.5,1639587,13455
28-03-2016,198.05,187.7,188.45,2165388,18824
23-03-2016,197.45,195.2,196.8,1151510,10647
22-03-2016,198,194.5,197.4,1983301,16043
21-03-2016,197.15,193.15,196.65,1890663,20604
18-03-2016,192,186,191.05,2161579,18273
17-03-2016,189.25,184.65,186.15,2004636,20417
16-03-2016,185.9,181.65,185.1,1853901,14000
15-03-2016,186.1,181.85,185.25,2106123,16233
14-03-2016,183.4,180.7,181.9,1627470,12206
11-03-2016,182.65,177.7,180.35,2656995,18971
10-03-2016,184.8,179.45,180.65,2264920,15888
09-03-2016,183.95,178.8,183.45,2757274,20896
08-03-2016,187.5,181.4,183.65,3064239,32605
04-03-2016,189.8,178.55,188.4,4418205,36358
03-03-2016,184.75,178.55,182.5,3884782,32534
02-03-2016,183,171,180.85,7051639,58218
01-03-2016,163,159,162.2,2941008,27580
29-02-2016,163.9,153.2,158.4,9080674,72156
26-02-2016,158.5,152.75,156.25,2664596,24691
25-02-2016,158.15,151.3,151.9,2781627,26020
24-02-2016,160.75,155.35,156.7,2612373,21804
23-02-2016,165.15,158,158.45,3359454,20537
22-02-2016,166.8,163.8,164.95,1732629,16806
19-02-2016,165,157,164.65,2675819,21683
18-02-2016,163.6,156.35,159.55,3245708,23442
17-02-2016,160.8,151.4,159.15,4317886,36829
16-02-2016,171,155.9,156.4,5059940,36571
15-02-2016,169.8,157.15,167.25,4511775,37935
12-02-2016,157.6,148.3,154.95,5166258,44179
11-02-2016,167.45,152.1,154.2,9834525,79190
10-02-2016,166.3,158.05,158.95,3674507,31781
09-02-2016,172.6,166,167,2672324,20775
08-02-2016,176.8,168.7,172.05,2909278,26124
05-02-2016,169.25,162.35,168.2,2475508,19875
04-02-2016,169.7,160.8,163.05,2595289,24702
03-02-2016,168.2,163.45,166.05,3399078,29317
02-02-2016,177.4,168.5,169.45,3963363,40891
01-02-2016,182.5,172.35,172.9,2805484,27377
29-01-2016,185.55,178.2,179.95,2795659,22178
28-01-2016,186.2,182.5,185.35,1244585,11543
27-01-2016,186.1,181.25,184.3,2380658,19803
25-01-2016,188.8,182.05,182.9,1700105,15951
22-01-2016,185,177.1,184.3,2513103,23707
21-01-2016,178.75,172.45,175.85,3304691,30843
20-01-2016,180.8,171.6,173.7,3560531,34175
19-01-2016,187.25,181.85,183.1,2348244,20983
18-01-2016,187.5,179.3,181.1,3987880,34244
15-01-2016,198,181.15,184.75,3289601,36005
14-01-2016,201.4,194.45,195.8,2100876,22877
13-01-2016,202.35,194.1,200.95,2839483,23714
12-01-2016,205.5,199.1,199.85,2294892,24073
11-01-2016,207.6,202.65,204.3,2215131,19032
08-01-2016,212.55,208.5,208.95,1498892,15400
07-01-2016,215,209,209.55,2310928,21868
06-01-2016,219.9,216.3,217,1495570,13802
05-01-2016,223,217.75,218.25,1967198,24503
04-01-2016,227.4,220.5,220.95,1712144,17606
01-01-2016,228.9,224.5,227.65,1116988,8587
31-12-2015,226.6,224,224.4,1177836,11015
30-12-2015,229.55,224.85,225.8,1352460,11304
29-12-2015,229.9,227.7,228.5,499826,5570
28-12-2015,230.05,228,228.85,714172,6885
24-12-2015,231.15,227.9,228.65,610364,7370
23-12-2015,231.2,229.3,229.9,818385,7688
22-12-2015,232.3,227.55,228.3,1133514,10453
21-12-2015,230.95,226.65,230.35,998240,9610
18-12-2015,232.4,226,226.65,1607912,18883
17-12-2015,232.5,228.7,231,1046507,11653
16-12-2015,229.65,225.55,227.3,1184222,12287
15-12-2015,227.7,224,226.1,1133088,12049
14-12-2015,227.9,224.3,226.5,1215935,13588
11-12-2015,233.9,225.1,227.1,1845669,19008
10-12-2015,236.95,230.4,231.95,1455180,16094
09-12-2015,238.2,233.65,234.35,873487,9059
08-12-2015,240.1,235.2,235.9,794606,8709
07-12-2015,243,238.45,239.15,674630,8200
04-12-2015,242,238.15,240.95,920525,12024
03-12-2015,244.75,240.25,241.15,749906,8797
02-12-2015,250.65,244.15,244.75,730039,7582
01-12-2015,251.85,249,249.3,2243838,12215
30-11-2015,252.9,248.75,250.45,901977,11706
27-11-2015,250.15,242.8,249.55,1564631,15436
26-11-2015,244.8,241.1,242.75,687265,7369
24-11-2015,243.9,241,241.5,649830,7564
23-11-2015,245.15,240.75,242.9,807622,8718
20-11-2015,249.45,242.1,243,1010658,10949
19-11-2015,245.05,241.6,243.85,802430,8507
18-11-2015,248.8,239.75,241.05,1088954,9996
17-11-2015,251.5,246.95,248,1158220,12656
16-11-2015,248.85,239.2,247.95,1452615,14490
13-11-2015,242.4,238,240.2,928095,8706
11-11-2015,244.55,242.8,243.25,333211,4703
10-11-2015,247.25,240.2,241.3,1144486,10289
09-11-2015,248.35,235.6,246.1,1805810,18324
06-11-2015,244.7,233.1,243.25,3357717,34122
05-11-2015,239.1,233.4,234.2,1227784,10339
04-11-2015,240.35,237,238.45,666193,8423
03-11-2015,239.75,235.25,236.2,872950,9504
02-11-2015,238.7,232.85,236.9,1100526,11919
30-10-2015,240.35,235.25,237.2,977433,10204
29-10-2015,242,236.55,237.1,1049640,11727
28-10-2015,249.35,241,242,1227774,12440
27-10-2015,252.2,248.05,248.65,599139,7373
26-10-2015,255.9,250.45,251.15,908520,9374
23-10-2015,254.75,251.7,252.85,566589,8484
21-10-2015,255.85,248.6,249.7,764236,10478
20-10-2015,256.9,253.15,254.45,611799,8853
19-10-2015,257.9,253.6,254.5,755880,8065
16-10-2015,257,248.2,254.9,1221370,14258
15-10-2015,249.75,245.4,248.95,1299266,21417
14-10-2015,246.75,243.25,244.25,662273,9792
13-10-2015,247.25,242.15,243.4,1064111,12727
12-10-2015,245.5,241.5,244.5,887430,11107
09-10-2015,247.8,240.9,243.2,1290028,15213
08-10-2015,245.15,241.05,243.35,986830,12179
07-10-2015,244,239,243.35,1110917,12802
06-10-2015,243,237.7,240.25,1201590,11516
05-10-2015,240.8,237.4,239.85,1050347,12000
01-10-2015,242,234.9,235.4,1274231,14315
30-09-2015,246.5,236,237.25,1744128,20541
29-09-2015,245.4,232.3,242,3161573,32129
28-09-2015,243.7,238.6,239.55,1044011,11056
24-09-2015,241.5,238.25,239.15,876104,10360
23-09-2015,241.85,233.65,240.1,1389774,14146
22-09-2015,248.5,236.55,237.9,1407104,15226
21-09-2015,247,237.5,245.15,1310460,13598
18-09-2015,246.15,239,242.35,1846842,21594
16-09-2015,237.6,235.15,236.65,943128,11240
15-09-2015,238.35,232.75,233.8,1404116,15643
14-09-2015,235.95,230.05,235.15,1137995,13009
11-09-2015,233.3,228.2,230.15,1453803,16104
10-09-2015,230,224.25,227.6,1609894,17964
09-09-2015,234.3,229.25,231.55,1601153,18965
08-09-2015,230,221.25,228.3,1902841,21359
07-09-2015,227.7,220.6,221.7,1948821,23677
04-09-2015,232.5,224.25,225.05,2524425,30463
03-09-2015,235.5,231.15,232.6,1976804,23561
02-09-2015,243,230.05,230.6,3178008,38446
01-09-2015,245.1,238,239.1,2329747,28594
31-08-2015,251.45,245.3,247.1,1820139,22185
28-08-2015,255.95,247.55,249.25,1555330,17396
27-08-2015,252.2,248.1,249.45,1313300,15257
26-08-2015,253.7,245.25,245.8,1970965,23056
25-08-2015,254.8,240.1,253.4,2720627,31564
24-08-2015,257.85,242.3,245.5,4080271,46631
21-08-2015,268.7,256.6,267.4,1935143,23749
20-08-2015,281.65,268.1,270.45,1726902,16799
19-08-2015,285.8,275.85,278.05,1464277,15103
18-08-2015,287.9,275.6,283.95,2409507,29471
17-08-2015,281.8,270.6,279.05,2977291,32886
14-08-2015,269.5,259.35,268.45,2069038,20738
13-08-2015,262.85,258.3,259.4,1519223,16389
12-08-2015,267.75,255,256.45,3216358,35438
11-08-2015,289.5,268.25,269.3,5134060,57160
10-08-2015,286,280.7,283.1,1074550,12655
07-08-2015,288.5,280.25,281.4,974810,11306
06-08-2015,290.65,282.15,288.25,1209780,13913
05-08-2015,291.85,284.5,285.35,1144843,14452
04-08-2015,289.85,276.75,288.2,2959912,35199
03-08-2015,282.7,270,281.05,2279764,25848
31-07-2015,273.3,257.8,270.4,3267367,25751
30-07-2015,259.4,253.7,256.9,1048147,10594
29-07-2015,260.85,252.4,253.7,1266973,12851
28-07-2015,263.85,258.4,259.35,786894,8773
27-07-2015,263.7,258.5,259.05,774182,9496
24-07-2015,270.6,262.25,263.5,677739,8370
23-07-2015,271.8,267.3,269.5,753651,7860
22-07-2015,269.9,262.1,268.65,724394,9163
21-07-2015,269.7,263.5,264.25,584471,6651
20-07-2015,272.5,266.15,267.35,785885,8679
17-07-2015,273.85,270.65,271.05,559254,7744
16-07-2015,272.2,268.25,271.75,786354,9320
15-07-2015,271.7,267.55,268.3,636166,6730
14-07-2015,274.25,267.75,268.6,816083,9592
13-07-2015,274.25,267.95,273.55,995316,10360
10-07-2015,271,266.65,270.5,723805,8048
09-07-2015,271.3,267,267.75,748675,7566
08-07-2015,271,265.6,267.4,1020382,10988
07-07-2015,274.6,270.25,272.7,773533,10777
06-07-2015,271.7,261.9,270.9,1061015,11259
03-07-2015,269.9,266.8,268.85,694589,8156
02-07-2015,271.25,266.4,267.4,898813,9362
01-07-2015,269.5,262,267.6,1250209,12786
30-06-2015,263.5,257.75,262.8,2245542,11751
29-06-2015,260.35,255,259.55,2869055,16758
26-06-2015,266.5,261.1,265.05,1285051,10318
25-06-2015,266,259.1,265,1450527,11908
24-06-2015,268.35,261,262.5,847805,8556
23-06-2015,270.95,266.5,267.65,1655659,14250
22-06-2015,267.2,260.7,265.85,1473977,15510
19-06-2015,262.85,258.2,260.15,1165503,11372
18-06-2015,260.9,255.25,258.05,1580553,13612
17-06-2015,257,253.65,255.1,1732625,12283
16-06-2015,255.75,249.15,254.6,1612446,17156
15-06-2015,255.75,249.15,250.55,1556523,15583
12-06-2015,255.5,251.9,253.95,1146614,13001
11-06-2015,262.95,252.85,253.85,1678946,17366
10-06-2015,262.4,258.3,260.05,1075083,11936
09-06-2015,258,253.9,257.4,1539643,14254
08-06-2015,259.95,252.95,254.85,1315200,16041
05-06-2015,261.7,255.6,257.8,1426998,16264
04-06-2015,261.4,253.8,257.6,2148129,21874
03-06-2015,268,255.1,257.55,2706069,31970
02-06-2015,279.5,265.5,266.25,3382530,39780
01-06-2015,281.95,277.6,278.15,1331528,15467
29-05-2015,281.5,277.2,278.15,1683864,12766
28-05-2015,280.25,276.2,277.5,1683317,12926
27-05-2015,281.45,274.35,280.65,1759126,14862
26-05-2015,280.85,275.85,277.25,1400467,14082
25-05-2015,284.15,276.2,277.7,2510256,24347
22-05-2015,305,280.8,282.45,9541299,98205
21-05-2015,294.7,288.25,289.35,1461866,14829
20-05-2015,294.65,289.5,291.8,1799545,18074
19-05-2015,291.5,286.15,288.3,1814740,13234
18-05-2015,290,285.55,288.75,1522444,16202
15-05-2015,288.1,282.2,287.35,2258513,21027
14-05-2015,282,272.75,280.65,1579757,18030
13-05-2015,275.15,268.25,274.15,1689594,13798
12-05-2015,276,266.3,267.4,1446092,14375
11-05-2015,277,262.55,276.05,3357139,25765
08-05-2015,267.8,260.05,261.8,1563571,29331
07-05-2015,267.25,259.95,261.3,1328244,27807
06-05-2015,273.65,263.35,265.3,1863980,40173
05-05-2015,277.5,271.65,272.15,1008555,19354
04-05-2015,278,271.5,277.3,872315,19716
30-04-2015,273.35,266.95,270.05,1261259,23533
29-04-2015,273.4,269.7,271.8,862637,15550
28-04-2015,273.4,265.4,272.4,1187984,23161
27-04-2015,277,266.15,267.15,1091355,26502
24-04-2015,279.35,274.35,275.65,965244,22883
23-04-2015,287.2,276.3,277.25,1706678,34201
22-04-2015,293,275.95,284.1,1615547,30978
21-04-2015,291,281.6,289.05,1230373,24552
20-04-2015,293,284.75,287.45,1079809,21628
17-04-2015,294.4,289,291.05,1123064,22974
16-04-2015,293.7,286.3,291.45,1256502,24282
15-04-2015,294.5,286,290,1511654,32221
13-04-2015,288.5,283.2,285.45,1650847,26072
10-04-2015,287.4,280.45,285.65,1418795,28316
09-04-2015,281.35,272.65,280.45,2941107,34780
08-04-2015,277,271.8,273.6,948936,20356
07-04-2015,276.3,270.35,271.9,1686417,26135
06-04-2015,275.55,271.1,274.55,1250511,20382
01-04-2015,274.55,263.65,273.45,1182971,24181
31-03-2015,271.2,266,267,1468852,26790
30-03-2015,269.3,263.05,267.9,1259601,25933
27-03-2015,264.85,256,263.55,2322710,44000
26-03-2015,265.8,255.25,256.9,2551714,44992
25-03-2015,272,265,265.35,1613834,32227
24-03-2015,276.25,269.25,270.4,2296663,37787
23-03-2015,280.9,273.55,274.7,1355033,24087
20-03-2015,282.3,277,278.35,1401237,27980
19-03-2015,290.5,280.75,281.55,1503591,24224
18-03-2015,288.2,282.1,286.6,1610191,29371
17-03-2015,283.85,279.8,282.8,1414194,23522
16-03-2015,283.8,280.2,281.65,2129165,32764
13-03-2015,291,280,280.85,2180212,40883
12-03-2015,289.5,286.65,287.2,1222421,23337
11-03-2015,291,284.15,285.15,2164441,38450
10-03-2015,293.25,285.1,287.6,1915794,42517
09-03-2015,294,288.9,290.65,1636250,30953
05-03-2015,296.2,289.75,293.65,2185870,45221
04-03-2015,315.8,292.2,294.2,4888643,86359
03-03-2015,305.35,300,302.75,1671259,26479
02-03-2015,306,297,301.9,1949571,37525
28-02-2015,306.4,295.35,301.6,3874709,67285
27-02-2015,300.75,290.25,299.95,1991361,37581
26-02-2015,297.9,288.3,289.55,1505958,30795
25-02-2015,300.45,295,295.55,1227160,26949
24-02-2015,298.9,292.1,296.15,1914969,36728
23-02-2015,304.6,294.3,296.25,1652801,34796
20-02-2015,306.5,297.3,302.25,2071754,36795
19-02-2015,307.45,296.85,302.35,2222916,38698
18-02-2015,308,302.15,305.55,1451875,31450
16-02-2015,313.15,305.05,306.8,2604026,46511
13-02-2015,307.9,285.5,307.05,8569557,138172
12-02-2015,289,278.45,284.4,3177460,52778
11-02-2015,293.65,284,286,2258342,47381
10-02-2015,290.85,276,287.15,3355574,65609
09-02-2015,292.8,278.1,279.75,3007086,67673
06-02-2015,294.8,286.15,290.35,2329975,53743
05-02-2015,297.9,289.2,290.8,2573433,58366
04-02-2015,303.7,292.3,293.2,2987707,76965
03-02-2015,311.7,299,300.15,3792124,74161
02-02-2015,312,305.35,307.8,1878937,38818
30-01-2015,330.4,307.7,310,3260291,66988
29-01-2015,333.5,325.1,326.75,1238834,22166
28-01-2015,335.9,328.25,334.45,1561750,37686
27-01-2015,331.95,322.7,329.8,1578195,22787
23-01-2015,332.5,324.6,327.35,1782791,30111
22-01-2015,327.4,321.75,324.4,1561959,22070
21-01-2015,327.5,319.2,325.85,3304551,45967
20-01-2015,319.75,314.15,318.05,1645389,26838
19-01-2015,317.75,312.35,313.1,1576235,20204
16-01-2015,320.65,313.2,315.6,1633076,25543
15-01-2015,323.65,314.05,320.05,4594540,58103
14-01-2015,307,302.25,304.75,1230375,23859
13-01-2015,310.65,304.2,305.05,1312573,22199
12-01-2015,307.7,301.1,307.05,1831952,20690
09-01-2015,308.4,302,303.3,1073080,22477
08-01-2015,306.4,302.25,304.7,1138384,26909
07-01-2015,302.85,295.4,300.35,1926894,36965
06-01-2015,310.75,298.7,299.95,2185348,47077
05-01-2015,316.9,310.35,312.6,1857756,23893
02-01-2015,318,314.6,315.25,1911714,25426
01-01-2015,315,311,313.95,864506,18224
31-12-2014,312.6,310,311.85,731539,14990
30-12-2014,310.75,305.9,309.8,1102525,18000
29-12-2014,310,306.8,307.4,1024539,15775
26-12-2014,309.65,306.15,307.65,1235355,21319
24-12-2014,310,305.1,305.85,1234271,22292
23-12-2014,312.35,306.15,307.05,1789300,27920
22-12-2014,308.5,303.4,307.65,1419784,20613
19-12-2014,312,303.55,304.25,1867671,28973
18-12-2014,312.65,304.75,307.05,2118363,35011
17-12-2014,306.4,287.2,302.05,3698431,67674
16-12-2014,311.1,293.25,295.9,3109092,60874
15-12-2014,315.9,307.5,310.35,1554183,26667
12-12-2014,316.8,309.2,311.3,1815713,24523
11-12-2014,318.65,310.35,314.35,1759540,30051
10-12-2014,317.7,303,316.1,1721189,31974
09-12-2014,314.6,305.4,306.7,1737833,31580
08-12-2014,319.85,312.6,313.25,1257446,23123
05-12-2014,321,316.25,317.65,1357272,22085
04-12-2014,321,314.05,320.25,1958189,29256
03-12-2014,322.9,316.5,317.55,1938931,28018
02-12-2014,322.75,311.75,318.75,3071362,54788
01-12-2014,327.1,317.75,319.45,2049882,37688
28-11-2014,322.5,307.35,321.45,3906355,56045
27-11-2014,308.45,303.8,305.85,1470031,22259
26-11-2014,308.65,303.8,306.2,1686546,25216
25-11-2014,309.8,301.5,304.95,2243038,38437
24-11-2014,309.75,306.2,308.5,2348010,41565
21-11-2014,306.75,297.45,305.05,2850047,57846
20-11-2014,298.7,291.05,297.1,2921924,63450
19-11-2014,296.8,290.51,291.14,306459,27329
18-11-2014,297.79,292.6,293.96,425021,34080
17-11-2014,295,279.3,294.02,724056,60609
14-11-2014,280.65,272.14,278.85,734992,61291
13-11-2014,276.2,269.59,271.92,251315,16918
12-11-2014,276.8,273.33,274.21,216206,15645
11-11-2014,276.2,270.81,273.76,249081,19539
10-11-2014,277.01,273.02,273.52,220615,16389
07-11-2014,278.09,272.99,274.24,216852,17213
05-11-2014,279.9,272.31,278.23,333160,27198
03-11-2014,274.3,269.5,272.13,282471,22631
31-10-2014,270.6,265,270.17,380395,21881
30-10-2014,265.2,262.16,263.82,233422,15578
29-10-2014,267.8,263.15,264.27,222685,16340
28-10-2014,266.5,260.2,265.64,419414,28527
27-10-2014,261.89,258.06,259.46,175700,14576
23-10-2014,259.85,258.01,258.24,36085,4805
22-10-2014,261.43,256.6,257.56,187346,13081
21-10-2014,260.5,257,258.46,198198,18558
20-10-2014,259.2,255.22,256.79,194276,16381
17-10-2014,253.2,247.6,252.23,266701,19529
16-10-2014,255.2,245.3,246.57,314443,22924
14-10-2014,254.23,249.25,252.17,338570,25027
13-10-2014,249.07,243.13,248.13,266275,18726
10-10-2014,249,243.46,245.13,192022,16293
09-10-2014,249.77,242.85,248.03,305266,23418
08-10-2014,241.88,234.52,241.18,204997,17766
07-10-2014,242.35,236.01,236.98,187460,17286
01-10-2014,245.36,241.3,242.3,167688,13343
30-09-2014,247.39,242.32,244.24,299012,21945
29-09-2014,247.49,242.51,244.75,217413,18357
26-09-2014,245.52,234.8,244.29,468293,37178
25-09-2014,250.89,236.56,237.84,361027,33407
24-09-2014,257.26,245.8,248.74,303088,25147
23-09-2014,262.29,254.96,255.6,207876,24962
22-09-2014,262.4,254.16,260.2,179000,16456
19-09-2014,263.32,255.69,256.85,156643,15004
18-09-2014,262.67,254.7,261.88,290004,20582
17-09-2014,258.5,253.77,256.21,117238,12140
16-09-2014,264.44,255.4,256.37,170675,15660
15-09-2014,264.48,259.41,262.43,200353,16450
12-09-2014,263.3,258.8,262.56,160097,15837
11-09-2014,260.9,256.1,260.14,294619,22697
10-09-2014,256.37,252.5,255.3,166720,12631
09-09-2014,258.9,255.3,256.74,246031,16839
08-09-2014,257,252.75,256.42,459676,22988
05-09-2014,252.98,248.21,251.54,324931,21200
04-09-2014,250.76,247.66,248.8,166526,14338
03-09-2014,252.65,249.2,250.15,167216,14500
02-09-2014,253.44,250.51,252.21,205425,15462
01-09-2014,251.4,247.5,250.34,204441,15141
28-08-2014,252.46,245.3,246.05,189549,14056
27-08-2014,253.65,247.63,250.3,181852,16324
26-08-2014,250.4,246.6,249.32,184141,15596
25-08-2014,257.65,249.4,250.91,241992,23797
22-08-2014,254.89,247.5,252.36,329281,29651
21-08-2014,247.66,241.29,246.78,341786,27708
20-08-2014,244.87,240.87,241.31,237986,13849
19-08-2014,246.2,243.03,243.98,157512,16146
18-08-2014,242.8,235.52,242.03,198644,20922
14-08-2014,238.3,235.11,236.18,187707,18732
13-08-2014,243.5,235.26,236.87,239213,23158
12-08-2014,243.97,240.15,242.94,165547,15154
11-08-2014,244,240.56,241.27,162112,15262
08-08-2014,244.4,239,241.53,440559,45081
07-08-2014,244.93,240.6,243.72,229314,22713
06-08-2014,246.6,242.22,242.67,153685,15704
05-08-2014,248.3,244.31,246.98,293184,28146
04-08-2014,246.8,244.1,246.09,179918,15405
01-08-2014,248.43,241.1,243.94,284280,32657
31-07-2014,248.26,243.5,243.98,179672,16646
30-07-2014,250.6,243.4,247.1,202544,23053
28-07-2014,253.47,247.66,249.03,163443,14936
25-07-2014,256.6,248.62,250.12,215176,19542
24-07-2014,257,253.17,255.58,156151,16113
23-07-2014,257.2,251.8,254.03,185053,18315
22-07-2014,254.9,250.51,252.4,133331,15267
21-07-2014,258.38,251.5,252.32,179661,18488
18-07-2014,258.76,254.02,256.15,213017,21681
17-07-2014,261.99,253.2,259.77,199278,19960
16-07-2014,258.4,253.41,257.32,235609,26487
15-07-2014,252.22,242.79,251.62,293403,30739
14-07-2014,243.96,236.97,241.21,235067,25425
11-07-2014,254.2,241,242.16,480620,39875
10-07-2014,265,250.69,254.79,524863,55777
09-07-2014,261.5,254.93,258.16,284471,28139
08-07-2014,269.5,256,257.68,418523,23281
07-07-2014,271.3,267.59,268.25,310900,14644
04-07-2014,271.4,266,269.91,243746,16973
03-07-2014,271.8,268.47,269.2,57994,5146
02-07-2014,272.9,269.33,270.11,251219,21648
01-07-2014,270.7,267.7,268.08,218003,12462
30-06-2014,270.68,264.13,268.59,186640,16656
27-06-2014,266.89,262.98,263.68,191272,16484
26-06-2014,271.6,264.5,265.55,210501,21202
25-06-2014,270.45,264.82,269.18,339415,30369
24-06-2014,266.9,260.6,265.95,271481,21899
23-06-2014,262.4,256.81,260.14,256899,25661
20-06-2014,262.2,256.72,258.06,209122,21460
19-06-2014,266.77,259.6,260.61,249544,26057
18-06-2014,268.1,260.51,263.82,289244,28399
17-06-2014,267,255.46,265.44,296485,27128
16-06-2014,261.1,255,257.93,202794,21833
13-06-2014,270.5,258.5,260.64,240534,26165
12-06-2014,271,267.01,269.38,255578,23542
11-06-2014,273.11,266.23,269.07,252476,27097
10-06-2014,271.93,264.87,266.48,194685,16338
09-06-2014,276,269.57,270.34,207884,18307
06-06-2014,275.3,271.3,273.22,247283,22414
05-06-2014,272.1,267.11,269.68,222123,22357
04-06-2014,269,262,268.23,254978,25693
03-06-2014,268.88,262.1,264.33,444787,46906
02-06-2014,265,252.8,264.42,402528,35319
30-05-2014,261.9,253.01,254.19,280169,29371
29-05-2014,264.14,258,260.01,294000,37020
28-05-2014,264.63,259.2,261.01,263386,27351
27-05-2014,270.3,261.9,263.22,316202,32713
26-05-2014,283.39,262.72,269.98,633860,57709
23-05-2014,277.5,249.74,275.53,1383264,132424
22-05-2014,253.53,247.1,251.18,278066,28772
21-05-2014,253,245.16,246.01,680805,32523
20-05-2014,261.31,251.06,252.61,250220,26977
19-05-2014,259.17,244.2,257,548279,54531
16-05-2014,250.51,230.5,241.43,1168483,110094
15-05-2014,230.2,227.28,227.91,243145,22550
14-05-2014,231.5,226.89,228.28,317378,31176
13-05-2014,232.4,226.14,227.63,567454,48066
12-05-2014,226.35,218.15,224.38,361055,38988
09-05-2014,218.8,208.36,217.27,370402,35793
08-05-2014,210.4,207.07,209.15,292600,35462
07-05-2014,208.3,204.39,207.34,238221,20188
06-05-2014,206.3,204.03,205.18,171656,15432
05-05-2014,206.76,203.55,204.49,233084,20881
02-05-2014,210.51,203.9,204.58,240919,22680
30-04-2014,210.71,205.6,207.9,286128,28100
29-04-2014,212.45,206.06,206.53,298952,26705
28-04-2014,211.4,207.2,210.53,254004,24015
25-04-2014,210.92,204.4,208.32,301482,30739
23-04-2014,207.6,204.13,206.46,257738,20867
22-04-2014,207.54,204.17,204.94,196142,17212
21-04-2014,207.9,202,207.07,284215,22043
17-04-2014,202.24,196.34,201.78,316793,25880
16-04-2014,199.4,195.19,195.98,222777,21198
15-04-2014,200.4,194.9,196.35,208550,21305
11-04-2014,202.89,198.52,199.43,219282,20935
10-04-2014,203.8,199,202.69,321393,37437
09-04-2014,199,192.03,198.43,247762,22269
07-04-2014,192.97,188.01,192.23,113046,9857
04-04-2014,191.31,187.2,190.43,199637,12656
03-04-2014,193.3,188.5,189.54,237402,15522
02-04-2014,194,188.73,193.35,263753,17634
01-04-2014,193.23,186.74,189.46,394201,24618
31-03-2014,193.9,188.7,191.83,323255,25929
28-03-2014,192.5,185.26,190.23,357434,22886
27-03-2014,185,177.6,183.96,534987,33479
26-03-2014,177.4,174.27,176.82,279765,14339
25-03-2014,174.69,172.8,174.11,204583,10998
24-03-2014,173.9,171.4,172.55,243345,13619
22-03-2014,170.59,169.53,170.24,14650,982
21-03-2014,171,168.93,170.26,189276,10732
20-03-2014,170.5,167.35,167.8,141708,9235
19-03-2014,171.8,169.6,170.74,208490,14030
18-03-2014,170.94,165.22,169.84,304309,21590
14-03-2014,167,163.01,165.35,233008,13539
13-03-2014,169.73,164.48,165.18,349245,18903
12-03-2014,167.35,164,164.48,210547,13088
11-03-2014,172.2,166.66,167.52,301560,18623
10-03-2014,171,164.03,169.14,460074,28282
07-03-2014,166.39,158.1,164.88,507632,32987
06-03-2014,158.35,156.14,157.62,239501,14258
05-03-2014,158.1,154,157.35,356163,18202
04-03-2014,155.38,151.55,154.97,209993,12393
03-03-2014,155.72,151.52,151.85,398201,16066
28-02-2014,153.81,152,153.17,192940,9368
26-02-2014,153.4,150.67,152.17,586932,14262
25-02-2014,152.06,150,150.68,232746,8934
24-02-2014,151.8,149.07,151.08,380027,10626
21-02-2014,150.5,148.5,150.31,251422,9721
20-02-2014,150.1,147.63,148.15,170726,11734
19-02-2014,151.57,149.8,150.87,362373,10894
18-02-2014,151,147.2,149.91,795349,15689
17-02-2014,148.49,146.31,147.34,249054,20370
14-02-2014,151.37,145.6,147.51,943941,51673
13-02-2014,153.65,149.5,149.97,226532,15168
12-02-2014,154,151.77,153.27,1060034,14306
11-02-2014,152.82,151.4,151.85,430915,8318
10-02-2014,153.47,150.76,151.43,145480,10225
07-02-2014,153.29,150.61,152.68,202663,14961
06-02-2014,153.7,149.7,150.43,253914,16393
05-02-2014,152.98,150.2,152.11,175919,13348
04-02-2014,152.18,146.9,151.6,281969,20112
03-02-2014,153,148.66,148.99,257429,19715
31-01-2014,154,151.5,152.56,224467,15233
30-01-2014,155.96,151.41,151.76,307593,21002
29-01-2014,162.19,157.02,157.37,281281,18227
28-01-2014,162.8,158,159.6,304413,19265
27-01-2014,160.42,158.43,159.46,244638,16266
24-01-2014,166.41,161.83,162.2,222342,13735
23-01-2014,166.2,163.55,165.71,157142,10166
22-01-2014,165.7,163.54,164.58,144539,8995
21-01-2014,167.14,164.64,165.86,172654,11705
20-01-2014,164.59,161.7,164.1,151788,9757
17-01-2014,164.49,161.83,162.21,173498,11964
16-01-2014,165.06,163.4,163.7,124707,8542
15-01-2014,165.8,163.33,164.36,245329,16217
14-01-2014,164.85,162.21,162.69,171530,11910
13-01-2014,164.71,161.18,164.2,237666,15422
10-01-2014,165.67,160,160.89,340851,27524
09-01-2014,166.27,163.05,163.91,259575,21589
08-01-2014,167.6,165,165.54,264670,15845
07-01-2014,170.2,165.32,165.98,305089,20016
06-01-2014,172.15,168.1,168.77,220811,14947
03-01-2014,173.6,171.04,171.61,237236,14504
02-01-2014,180.58,173.3,174.25,404041,22624
01-01-2014,177.4,176.1,176.53,98601,6670
31-12-2013,177.34,175.16,176.55,169446,10327
30-12-2013,178.96,175.54,176.34,198896,11691
27-12-2013,178.15,175.7,176.99,179716,10589
26-12-2013,177,174.7,175.42,182739,9602
24-12-2013,177.2,175.21,175.92,178698,11444
23-12-2013,177.3,174.8,175.76,184850,10692
20-12-2013,175.8,172.1,175.19,271171,16281
19-12-2013,177.68,171.61,173.05,299824,19133
18-12-2013,177.93,171.6,176.49,453467,25136
17-12-2013,175.37,171.51,171.9,303605,19145
16-12-2013,176.1,173,173.29,227535,14122
13-12-2013,176.99,174.05,174.36,250024,17139
12-12-2013,179.83,177.3,177.84,239697,14888
11-12-2013,184,178.21,179.67,358984,21398
10-12-2013,189.94,183.91,184.46,232416,13206
09-12-2013,192.09,188.22,188.92,291562,16623
06-12-2013,186.79,184.59,186.18,192754,11740
05-12-2013,188,184.51,185.37,305636,18876
04-12-2013,183.47,179.64,181.97,270798,15326
03-12-2013,182.94,180.48,181.44,225610,12998
02-12-2013,185.3,181.31,182.27,304458,18565
29-11-2013,182.98,176.47,182.15,420632,24467
28-11-2013,179,176.1,176.36,212700,11713
27-11-2013,179.79,175.6,176.39,275423,15251
26-11-2013,181.85,178.2,178.59,293456,17074
25-11-2013,180.99,174.11,180.46,350976,21765
22-11-2013,178.18,173.5,174.03,326631,18604
21-11-2013,178.79,175.5,176.01,416703,20577
20-11-2013,183.44,178.27,179.56,417655,24819
19-11-2013,182.98,176.4,182.33,479629,30365
18-11-2013,177,173.5,176.72,309138,19352
14-11-2013,174.07,171,172.24,334080,21444
13-11-2013,173.5,165.34,169.79,961480,64529
12-11-2013,171.9,167.07,167.55,486176,29984
11-11-2013,175.27,169.6,170.5,428044,25574
08-11-2013,176.79,173.1,174.43,383068,23109
07-11-2013,182.7,174.69,175.23,538150,36814
06-11-2013,188.49,180.4,180.96,440489,27299
05-11-2013,190.8,184.11,187.32,376103,26062
03-11-2013,190.5,188.11,188.6,96583,7170
01-11-2013,189.1,179.01,187.94,639831,39296
31-10-2013,180.1,170.5,179.55,638938,36804
30-10-2013,175.72,171.5,172.1,302635,21134
29-10-2013,174.18,164.51,173.73,584219,39201
28-10-2013,173.79,167.15,167.62,246044,15730
25-10-2013,173.88,169.71,171.77,244067,16446
24-10-2013,174.3,170.7,171.83,334941,21543
23-10-2013,173.4,168.53,171.64,597793,37668
22-10-2013,169.2,166.12,167.69,242974,16141
21-10-2013,169.48,166.21,167.13,323224,19749
18-10-2013,167.2,162.76,166.48,351989,22655
17-10-2013,163.5,160.1,162.16,483731,25896
15-10-2013,169.39,161.18,162.16,445276,29484
14-10-2013,166.9,164.3,165.62,214423,12634
11-10-2013,167.12,163.14,165.16,356076,21197
10-10-2013,163.9,160.99,163.3,465060,22864
09-10-2013,162,157.73,161.24,473055,31422
08-10-2013,168,160.2,161.17,431177,26589
07-10-2013,164.57,162.02,163.28,230044,13574
04-10-2013,167.75,163.15,165.24,517812,29087
03-10-2013,166.45,162.6,165.95,384681,23004
01-10-2013,165,161.43,164.35,312203,17049
30-09-2013,163.1,159.71,161.53,433080,25504
27-09-2013,169,162.8,164.17,318671,19746
26-09-2013,169.78,166.7,167.52,303703,19485
25-09-2013,169.5,163.52,168.64,432385,30096
24-09-2013,165.5,159.8,164.71,731058,39684
23-09-2013,172.5,164.14,165.25,508781,34115
20-09-2013,184.46,169.5,174.66,973773,59299
19-09-2013,181.8,174.1,180.88,664381,45721
18-09-2013,167.9,163.8,167.38,280637,17777
17-09-2013,166,162.85,163.49,219988,15804
16-09-2013,170.5,164,164.97,414563,25930
13-09-2013,168.49,163.2,166.3,350077,20925
12-09-2013,170.7,164.7,165.81,352636,21478
11-09-2013,169.7,160.43,168.89,618867,36068
10-09-2013,169.43,161.7,163.15,386965,25214
06-09-2013,164.79,159.71,163.33,465646,30970
05-09-2013,164.39,153.1,163.63,877822,52313
04-09-2013,151.08,145.5,149.11,402941,25035
03-09-2013,153.48,146.5,147.53,383575,25962
02-09-2013,154.1,151.12,151.67,273138,18640
30-08-2013,151.94,147.17,151.44,453904,27649
29-08-2013,152.43,147.3,148.93,509198,25485
28-08-2013,151.13,145.29,149.82,573548,33030
27-08-2013,154.39,150.17,151.99,531189,26659
26-08-2013,158.5,154.68,155.73,406571,19629
23-08-2013,158.73,154.26,155.95,469263,27872
22-08-2013,157.67,151.31,157.11,757160,40187
21-08-2013,165,152.46,154.96,716787,42333
20-08-2013,156.15,148.88,155.35,476997,30331
19-08-2013,157.17,152.12,153.04,700343,33206
16-08-2013,161.67,155.34,157.12,892609,43541
14-08-2013,164.1,160.8,162.51,511624,26613
13-08-2013,162.8,157.5,162.07,681444,53552
12-08-2013,167,157.5,160.48,1020071,78059
08-08-2013,171.79,165,166.15,361840,23442
07-08-2013,172.73,163.7,171.36,421146,29011
06-08-2013,167.64,163.32,164.08,442226,23324
05-08-2013,169.49,165.6,168.24,281565,18533
02-08-2013,170.98,166.55,168.14,415995,22525
01-08-2013,172.25,166.5,168.35,539624,29039
31-07-2013,171.99,169.01,170.99,464231,24224
30-07-2013,177.05,171.8,172.37,684038,37055
29-07-2013,177,173.66,174.41,307925,18140
26-07-2013,182.39,175.11,176.48,650836,30964
25-07-2013,181.57,179,179.95,399916,22843
24-07-2013,182.9,178.76,180.29,618944,25067
23-07-2013,186.99,183.48,186.11,281264,18370
22-07-2013,183.39,180.64,182.42,246712,13401
19-07-2013,183.5,180,181.41,352884,20891
18-07-2013,183,179.2,182.45,552308,27751
17-07-2013,183.9,179.03,180.71,637029,31911
16-07-2013,186,179.81,182.85,707340,44163
15-07-2013,192,186.69,191.61,358980,23807
12-07-2013,192.07,188.26,189.34,227049,18911
11-07-2013,192.64,190,191.02,265831,19026
10-07-2013,192.4,186.71,187.76,321602,25610
09-07-2013,191.2,188.1,189.64,281540,20758
08-07-2013,188.5,180,187.73,308729,21048
05-07-2013,192.7,188.9,189.47,395994,23617
04-07-2013,192.4,187.27,190.15,540406,39487
03-07-2013,197.87,189.27,189.96,497803,36648
02-07-2013,202.86,198.4,199.09,323590,19781
01-07-2013,202.3,195.5,201.56,301407,20961
28-06-2013,195.8,192.9,195.36,248677,16153
27-06-2013,192.64,190.11,191.37,295860,20181
26-06-2013,192.56,189.4,190.07,508419,29105
25-06-2013,195.2,190.82,191.48,533047,35075
24-06-2013,198.9,193.2,194.89,535019,30889
21-06-2013,200.86,196.7,199.04,600354,32735
20-06-2013,202,198.52,199.85,735471,29164
19-06-2013,205.2,202.91,204.57,350952,17299
18-06-2013,207.49,203.8,204.39,338004,21737
17-06-2013,207.2,199.3,206.5,535975,38064
14-06-2013,205.99,203.13,204.63,298257,15082
13-06-2013,203.54,198.7,201.98,518239,20444
12-06-2013,202,197.33,201.01,598600,28739
11-06-2013,202.5,198.25,199.77,471035,22770
10-06-2013,204.69,200.13,201.21,311649,16628
07-06-2013,207.5,201.5,202.32,418658,21208
06-06-2013,206.6,200.73,204.92,579681,25896
05-06-2013,204.38,201.4,203.16,439810,21515
04-06-2013,208.45,202.11,202.6,374079,21380
03-06-2013,208,204.06,206.97,395542,15998
31-05-2013,209.38,204.16,204.77,396251,23478
30-05-2013,211.86,208.04,208.85,330263,18226
29-05-2013,214.19,209.6,210.53,321735,17933
28-05-2013,216.2,212.24,213.03,387195,21257
27-05-2013,218.22,214.65,216.16,338083,17040
24-05-2013,219.88,213.01,215.12,761418,37400
23-05-2013,235.48,215.45,217.62,1169186,66186
22-05-2013,240.3,234.73,236.43,308583,15732
21-05-2013,242.89,235.3,236.11,428498,19725
20-05-2013,246.93,240.3,241.32,338926,16262
17-05-2013,243.6,238.8,242.46,326721,16321
16-05-2013,243.89,237.2,241.48,341514,18680
15-05-2013,239.7,230.76,238.45,537950,26527
14-05-2013,231.7,226.56,229.13,349413,17305
13-05-2013,231.65,227.14,227.83,257236,13294
11-05-2013,231.49,229.22,230.59,22435,1377
10-05-2013,232.31,228.5,229.38,346707,16579
09-05-2013,232.43,224.43,229.44,533476,26209
08-05-2013,227,223.25,225.36,246726,13186
07-05-2013,226.39,222.2,225.64,294843,13596
06-05-2013,223.19,218.32,222.53,397021,20436
03-05-2013,229.3,221,221.66,701316,41079
02-05-2013,232.55,226.87,229.94,322492,15210
30-04-2013,229.2,222.5,226.42,318360,16632
29-04-2013,230.99,226.22,227.25,211146,12040
26-04-2013,233.2,228.01,228.96,192467,10932
25-04-2013,233.9,229.46,233.11,305327,15388
23-04-2013,234.2,226.62,228.67,366712,16985
22-04-2013,233.67,230.53,232.4,276466,15843
18-04-2013,230.82,223.46,229.4,366108,23360
17-04-2013,226.7,219.3,224.45,350554,21361
16-04-2013,218.99,214,218.19,300009,16130
15-04-2013,215.47,206.22,214.47,359943,19067
12-04-2013,209.3,202.4,208.21,313691,18002
11-04-2013,204.99,200.8,204.17,318016,18635
10-04-2013,202.62,197.61,202.1,410490,21517
09-04-2013,206.5,197.9,198.71,410435,20312
08-04-2013,207.24,203.1,203.4,225209,12308
05-04-2013,208.5,204.31,205.63,288589,16419
04-04-2013,209.8,206,206.61,298531,14752
03-04-2013,215.7,209.12,210.73,326221,18348
02-04-2013,214.64,207.62,214.01,296991,16559
01-04-2013,209.8,206.8,209.06,214568,10891
28-03-2013,208,203.18,207.28,300917,14532
26-03-2013,206.9,202.54,205.14,336451,16767
25-03-2013,212.49,205.38,205.85,376703,16043
22-03-2013,213,207.57,208.39,416479,21772
21-03-2013,215.87,208.11,212.01,656520,24650
20-03-2013,220.99,211,211.78,500532,24294
19-03-2013,227,217.5,220.3,690518,37571
18-03-2013,225.8,223.31,224.85,308753,11814
15-03-2013,227.25,223.73,226.17,457067,20472
14-03-2013,226.36,216.5,225.59,669214,32171
13-03-2013,221.48,217.11,217.93,377036,14951
12-03-2013,222.68,218.1,220.13,396316,18835
11-03-2013,222.1,219.4,220.52,286826,11326
08-03-2013,221.5,217.5,220.41,349788,16151
07-03-2013,217.5,214.49,216.85,252044,12235
06-03-2013,217.29,213.7,216.62,339986,16834
05-03-2013,213.84,208.26,213.06,381230,19814
04-03-2013,210.66,207.61,209.82,274270,13199
01-03-2013,210.9,206.5,208.93,509516,21617
28-02-2013,223.6,205.56,208.54,922340,48159
27-02-2013,223.28,219.72,221.39,236970,12283
26-02-2013,221.61,218.9,219.9,337650,13496
25-02-2013,223.94,220.18,222.09,344775,13449
22-02-2013,222.52,219.01,219.65,338635,16498
21-02-2013,224.2,220,221,355827,15868
20-02-2013,228.8,224.62,225.14,309465,12664
19-02-2013,228.08,223.81,227.37,269231,14143
18-02-2013,226.7,223.41,225.98,233108,11915
15-02-2013,224.75,220.42,223.33,388197,20012
14-02-2013,226.9,217.71,221.44,1043242,57451
13-02-2013,232.26,224.1,225.51,430591,20198
12-02-2013,230.79,227.9,229.72,297125,12829
11-02-2013,231.16,227.73,229.46,280042,14337
08-02-2013,234.37,227.6,228.64,374900,20083
07-02-2013,236.44,231.97,232.71,294478,14639
06-02-2013,238.79,234.5,235.1,229191,12079
05-02-2013,237.4,233.01,236.52,398385,17742
04-02-2013,242.65,234.51,235.19,347113,17013
01-02-2013,245.17,240,240.99,271220,12910
31-01-2013,245.61,241.64,243.66,385463,19314
30-01-2013,248.6,242.66,243.54,428591,21592
29-01-2013,253.2,245.31,245.73,884032,43748
28-01-2013,253.41,248.11,249.02,326213,14052
25-01-2013,252.2,244.9,251.33,287021,13672
24-01-2013,248.4,244.21,245.84,230713,11440
23-01-2013,249,245.16,248.03,271800,12618
22-01-2013,250.89,245.5,246.44,245769,11107
21-01-2013,251.06,249,249.78,183572,9177
18-01-2013,251.5,247.84,249.12,339676,14609
17-01-2013,247.9,242.2,246.84,289932,14832
16-01-2013,249.5,242.43,243.29,273575,13396
15-01-2013,251.77,247.1,248.89,267436,12812
14-01-2013,252,247.5,249.83,462665,14335
11-01-2013,254.9,248.23,249.1,273757,13943
10-01-2013,255,252.24,253.92,399468,18986
09-01-2013,253.59,249.33,252.17,390601,20105
08-01-2013,250,246.14,249.35,387546,13724
07-01-2013,249.78,246.11,246.7,227585,9132
04-01-2013,249.14,245.2,248.48,285107,13997
03-01-2013,248.22,243.52,247.1,414238,15413
02-01-2013,246.24,244,244.81,234017,12032
01-01-2013,243.4,239.75,242.6,386362,16032
